message_id,channel,created_at,original_text,urls,emails,phones,dates,prices,anonymized_text,clean_text,tokens,lemmas
1,email,2026-08-30 16:40:00,"Посылка  Зависла  на сортировке, статус Не меняется пять дней. цена: 1 313 рублей / дата 28-06-26",[],[],[],['28-06-26'],['1 313 рублей'],"Посылка Зависла на сортировке, статус Не меняется пять дней. цена: [PRICE] дата [DATE]",посылка зависла на сортировке статус не меняется пять дней,"['посылка', 'зависла', 'сортировке', 'статус', 'меняется', 'пять', 'дней']","['посылка', 'зависнуть', 'сортировка', 'статус', 'меняться', 'пять', 'день']"
2,email,2026-09-01 22:54:00,Посылка вернулась ОТПРАВИТЕЛЮ Хотя срок хранения ЕЩЁ не закончился. звонить: +7 941 204 1033; ответьте на: student2026@gmail.com; СУММА: 578 ₽; Ссылка: https://track-fast.ru/item/2,['https://track-fast.ru/item/2'],['student2026@gmail.com'],['+7 941 204 1033'],[],['578 ₽'],Посылка вернулась ОТПРАВИТЕЛЮ Хотя срок хранения ЕЩЁ не закончился. звонить: [PHONE]; ответьте на: [EMAIL]; СУММА: [PRICE]; Ссылка: [URL],посылка вернулась отправителю хотя срок хранения ещё не закончился ответьте на,"['посылка', 'вернулась', 'отправителю', 'хотя', 'срок', 'хранения', 'закончился', 'ответьте']","['посылка', 'вернуться', 'отправитель', 'хотя', 'срок', 'хранение', 'закончиться', 'ответить']"
3,chat,2026-08-28 23:40:00,Посылка  вернулась  отправителю хотя срок ХРАНЕНИЯ ещё не закончился. ТЕЛЕФОН: 8 950 520 56 11   смотрите https://www.courier-now.ru/support/3?from=mail   СУММА: 124 515 рублей,['https://www.courier-now.ru/support/3?from=mail'],[],['8 950 520 56 11'],[],['124 515 рублей'],Посылка вернулась отправителю хотя срок ХРАНЕНИЯ ещё не закончился. ТЕЛЕФОН: [PHONE] смотрите [URL] СУММА: [PRICE],посылка вернулась отправителю хотя срок хранения ещё не закончился,"['посылка', 'вернулась', 'отправителю', 'хотя', 'срок', 'хранения', 'закончился']","['посылка', 'вернуться', 'отправитель', 'хотя', 'срок', 'хранение', 'закончиться']"
4,mobile_app,2026-09-13 23:57:00,💸 Курьер не ПОЗВОНИЛ и отметил что меня не было дома. нужно на 24-02-27; Ссылка: Https://courier-now.ru/item/4,['Https://courier-now.ru/item/4'],[],[],['24-02-27'],[],Курьер не ПОЗВОНИЛ и отметил что меня не было дома. нужно на [DATE]; Ссылка: [URL],курьер не позвонил и отметил что меня не было дома,"['курьер', 'позвонил', 'отметил', 'дома']","['курьер', 'позвонить', 'отметить', 'дом']"
5,chat,2026-09-04 03:59:00,Нужно  изменить  адрес  доставки  по отправлению №74990. телефон: 89612199792 | e-mail: help.me@logi-mail.ru,[],['help.me@logi-mail.ru'],['89612199792'],[],[],Нужно изменить адрес доставки по отправлению №74990. телефон: [PHONE] e-mail: [EMAIL],нужно изменить адрес доставки по отправлению,"['нужно', 'изменить', 'адрес', 'доставки', 'отправлению']","['нужно', 'изменить', 'адрес', 'доставка', 'отправление']"
6,mobile_app,2026-09-16 03:10:00,Сколько будет стоить доставка крупной посылки в другой город? Ссылка: Https://www.track-fast.ru/support/6?from=mail | нужно на 2026-11-01,['Https://www.track-fast.ru/support/6?from=mail'],[],[],['2026-11-01'],[],Сколько будет стоить доставка крупной посылки в другой город? Ссылка: [URL] нужно на [DATE],сколько будет стоить доставка крупной посылки в другой город,"['сколько', 'стоить', 'доставка', 'крупной', 'посылки', 'город']","['сколько', 'стоить', 'доставка', 'крупный', 'посылка', 'город']"
7,chat,2026-09-14 13:13:00,"Хочу перенести доставку на другой день, сегодня принять Не смогу. оформлено 05/10/2026 | списали: 1295 RUB",[],[],[],['05/10/2026'],['1295 RUB'],"Хочу перенести доставку на другой день, сегодня принять Не смогу. оформлено [DATE] списали: [PRICE]",хочу перенести доставку на другой день сегодня принять не смогу,"['хочу', 'перенести', 'доставку', 'день', 'сегодня', 'принять', 'смогу']","['хотеть', 'перенести', 'доставка', 'день', 'сегодня', 'принять', 'смочь']"
8,web,2026-09-07 11:21:00,Не получается найти отправление по трек номеру. стоимость: 13 048 ₽; оформлено 2026-10-28,[],[],[],['2026-10-28'],['13 048 ₽'],Не получается найти отправление по трек номеру. стоимость: [PRICE]; оформлено [DATE],не получается найти отправление по трек номеру,"['получается', 'найти', 'отправление', 'трек', 'номеру']","['получаться', 'найти', 'отправление', 'трек', 'номер']"
9,social,2026-08-29 04:25:00,Почему  доставка  стала  Платной???  при оформлении БЫЛА Бесплатная. нужно на 12/02/2027 / URL= https://www.track-fast.ru/support/9?from=mail,['https://www.track-fast.ru/support/9?from=mail'],[],[],['12/02/2027'],[],Почему доставка стала Платной? при оформлении БЫЛА Бесплатная. нужно на [DATE] URL= [URL],почему доставка стала платной при оформлении была бесплатная,"['почему', 'доставка', 'стала', 'платной', 'оформлении', 'бесплатная']","['почему', 'доставка', 'стать', 'платный', 'оформление', 'бесплатный']"
10,email,2026-08-22 15:04:00,"Курьер привёз чужой заказ, мой ПАКЕТ у него отсутствует. Ссылка: Www.delivery-example.ru/page/10; мой номер: +7 952 755 1229; цена: 876 RUB",['Www.delivery-example.ru/page/10'],[],['+7 952 755 1229'],[],['876 RUB'],"Курьер привёз чужой заказ, мой ПАКЕТ у него отсутствует. Ссылка: [URL]; мой номер: [PHONE]; цена: [PRICE]",курьер привёз чужой заказ мой пакет у него отсутствует,"['курьер', 'привёз', 'чужой', 'заказ', 'пакет', 'отсутствует']","['курьер', 'привезти', 'чужой', 'заказ', 'пакет', 'отсутствовать']"
11,social,2026-09-06 00:36:00,Нужно  изменить  адрес  доставки по отправлению №51728. дата 2026-12-10 / вот страница https://www.delivery-example.ru/support/11?from=mail / СПИСАЛИ: 46 007 РУБ. / Телефон: +7 (900) 323-24-97 ###,['https://www.delivery-example.ru/support/11?from=mail'],[],['+7 (900) 323-24-97'],['2026-12-10'],['46 007 РУБ.'],Нужно изменить адрес доставки по отправлению №51728. дата [DATE] вот страница [URL] СПИСАЛИ: [PRICE] Телефон: [PHONE],нужно изменить адрес доставки по отправлению вот,"['нужно', 'изменить', 'адрес', 'доставки', 'отправлению']","['нужно', 'изменить', 'адрес', 'доставка', 'отправление']"
12,social,2026-08-28 13:44:00,"Посылка ЗАВИСЛА на Сортировке, статус Не меняется пять ДНЕЙ. мой номер: +7 (943) 183-41-65   дата 12-12-26 !!!",[],[],['+7 (943) 183-41-65'],['12-12-26'],[],"Посылка ЗАВИСЛА на Сортировке, статус Не меняется пять ДНЕЙ. мой номер: [PHONE] дата [DATE] !",посылка зависла на сортировке статус не меняется пять дней,"['посылка', 'зависла', 'сортировке', 'статус', 'меняется', 'пять', 'дней']","['посылка', 'зависнуть', 'сортировка', 'статус', 'меняться', 'пять', 'день']"
13,mobile_app,2026-08-25 05:11:00,Сколько будет СТОИТЬ доставка крупной посылки в другой город? мой номер: 8 983 790 36 61 / URL= www.delivery-example.ru/page/13 / списали: 13 024 руб.,['www.delivery-example.ru/page/13'],[],['8 983 790 36 61'],[],['13 024 руб.'],Сколько будет СТОИТЬ доставка крупной посылки в другой город? мой номер: [PHONE] URL= [URL] списали: [PRICE],сколько будет стоить доставка крупной посылки в другой город,"['сколько', 'стоить', 'доставка', 'крупной', 'посылки', 'город']","['сколько', 'стоить', 'доставка', 'крупный', 'посылка', 'город']"
14,chat,2026-09-03 03:23:00,⚠️ Сколько  БУДЕТ  стоить доставка крупной посылки в другой город? оформлено 25-03-26 / почта: m.smirnova@gmail.com / сумма: 199 928 РУБ.,[],['m.smirnova@gmail.com'],[],['25-03-26'],['199 928 РУБ.'],⚠ Сколько БУДЕТ стоить доставка крупной посылки в другой город? оформлено [DATE] почта: [EMAIL] сумма: [PRICE],сколько будет стоить доставка крупной посылки в другой город,"['сколько', 'стоить', 'доставка', 'крупной', 'посылки', 'город']","['сколько', 'стоить', 'доставка', 'крупный', 'посылка', 'город']"
15,social,2026-09-08 21:25:00,Нужно изменить адрес доставки По отправлению №78873. стоимость: 1346 RUB / телефон: 89953219557 / нужно на 22.07.2026,[],[],['89953219557'],['22.07.2026'],['1346 RUB'],Нужно изменить адрес доставки По отправлению №78873. стоимость: [PRICE] телефон: [PHONE] нужно на [DATE],нужно изменить адрес доставки по отправлению,"['нужно', 'изменить', 'адрес', 'доставки', 'отправлению']","['нужно', 'изменить', 'адрес', 'доставка', 'отправление']"
16,chat,2026-08-31 11:17:00,"🔥 Хочу ПЕРЕНЕСТИ доставку на другой день, сегодня принять не смогу. Ссылка: www.courier-now.ru/page/16 / тел: +7-909-996-53-66 / цена: 90 056 руб.",['www.courier-now.ru/page/16'],[],['+7-909-996-53-66'],[],['90 056 руб.'],"Хочу ПЕРЕНЕСТИ доставку на другой день, сегодня принять не смогу. Ссылка: [URL] тел: [PHONE] цена: [PRICE]",хочу перенести доставку на другой день сегодня принять не смогу,"['хочу', 'перенести', 'доставку', 'день', 'сегодня', 'принять', 'смогу']","['хотеть', 'перенести', 'доставка', 'день', 'сегодня', 'принять', 'смочь']"
17,mobile_app,2026-09-03 16:44:00,"🙂 Посылка  зависла  на  сортировке,  СТАТУС не меняется Пять дней. тел: +7 981 263 5529 | нужно на 07.04.2026 | списали: 13 010 руб. ###",[],[],['+7 981 263 5529'],['07.04.2026'],['13 010 руб.'],"Посылка зависла на сортировке, СТАТУС не меняется Пять дней. тел: [PHONE] нужно на [DATE] списали: [PRICE]",посылка зависла на сортировке статус не меняется пять дней,"['посылка', 'зависла', 'сортировке', 'статус', 'меняется', 'пять', 'дней']","['посылка', 'зависнуть', 'сортировка', 'статус', 'меняться', 'пять', 'день']"
18,mobile_app,2026-09-16 09:49:00,Курьер  не  позвонил и отметил что меня не было дома. дата 29-09-26,[],[],[],['29-09-26'],[],Курьер не позвонил и отметил что меня не было дома. дата [DATE],курьер не позвонил и отметил что меня не было дома,"['курьер', 'позвонил', 'отметил', 'дома']","['курьер', 'позвонить', 'отметить', 'дом']"
19,email,2026-09-01 16:06:00,Не получается найти отправление по трек номеру. С 2026-11-19 ???,[],[],[],['2026-11-19'],[],Не получается найти отправление по трек номеру. С [DATE] ?,не получается найти отправление по трек номеру с,"['получается', 'найти', 'отправление', 'трек', 'номеру']","['получаться', 'найти', 'отправление', 'трек', 'номер']"
20,mobile_app,2026-08-28 14:55:00,📌 Сколько будет стоить доставка крупной посылки в другой город? URL= https://www.delivery-example.ru/support/20?from=mail   списали: 6 045 РУБЛЕЙ   мой номер: +7 (987) 897-83-15 !!!,['https://www.delivery-example.ru/support/20?from=mail'],[],['+7 (987) 897-83-15'],[],['6 045 РУБЛЕЙ'],Сколько будет стоить доставка крупной посылки в другой город? URL= [URL] списали: [PRICE] мой номер: [PHONE] !,сколько будет стоить доставка крупной посылки в другой город,"['сколько', 'стоить', 'доставка', 'крупной', 'посылки', 'город']","['сколько', 'стоить', 'доставка', 'крупный', 'посылка', 'город']"
21,email,2026-09-12 15:14:00,"Курьер ПРИВЁЗ чужой заказ, мой пакет у него отсутствует. нужно на 22.03.2026   цена: 2 584 руб.",[],[],[],['22.03.2026'],['2 584 руб.'],"Курьер ПРИВЁЗ чужой заказ, мой пакет у него отсутствует. нужно на [DATE] цена: [PRICE]",курьер привёз чужой заказ мой пакет у него отсутствует,"['курьер', 'привёз', 'чужой', 'заказ', 'пакет', 'отсутствует']","['курьер', 'привезти', 'чужой', 'заказ', 'пакет', 'отсутствовать']"
22,email,2026-08-29 19:51:00,⚠️ Почему доставка стала платной?? при оформлении была бесплатная. Ссылка: http://courier-now.ru/order?id=1022 / телефон: +7 (991) 333-82-41,['http://courier-now.ru/order?id=1022'],[],['+7 (991) 333-82-41'],[],[],⚠ Почему доставка стала платной? при оформлении была бесплатная. Ссылка: [URL] телефон: [PHONE],почему доставка стала платной при оформлении была бесплатная,"['почему', 'доставка', 'стала', 'платной', 'оформлении', 'бесплатная']","['почему', 'доставка', 'стать', 'платный', 'оформление', 'бесплатный']"
23,chat,2026-08-23 04:26:00,Сколько  будет  стоить  доставка крупной посылки в другой город? мой номер: +7 978 279 2831; списали: 1 376 руб.; с 26-01-27; ответьте На: TEST.USER@logi-mail.ru,[],['TEST.USER@logi-mail.ru'],['+7 978 279 2831'],['26-01-27'],['1 376 руб.'],Сколько будет стоить доставка крупной посылки в другой город? мой номер: [PHONE]; списали: [PRICE]; с [DATE]; ответьте На: [EMAIL],сколько будет стоить доставка крупной посылки в другой город с ответьте на,"['сколько', 'стоить', 'доставка', 'крупной', 'посылки', 'город', 'ответьте']","['сколько', 'стоить', 'доставка', 'крупный', 'посылка', 'город', 'ответить']"
24,email,2026-08-29 14:59:00,Посылка вернулась отправителю хотя СРОК хранения ещё не закончился. e-mail: ivan.petrov@mail.ru; Ссылка: www.track-fast.ru/page/24 ...,['www.track-fast.ru/page/24'],['ivan.petrov@mail.ru'],[],[],[],Посылка вернулась отправителю хотя СРОК хранения ещё не закончился. e-mail: [EMAIL]; Ссылка: [URL] .,посылка вернулась отправителю хотя срок хранения ещё не закончился,"['посылка', 'вернулась', 'отправителю', 'хотя', 'срок', 'хранения', 'закончился']","['посылка', 'вернуться', 'отправитель', 'хотя', 'срок', 'хранение', 'закончиться']"
25,mobile_app,2026-09-03 16:40:00,"Посылка  зависла  на  сортировке,  статус не меняется ПЯТЬ ДНЕЙ. дата 2026-10-28   списали: 13084р   Ссылка: http://track-fast.ru/order?id=1025",['http://track-fast.ru/order?id=1025'],[],[],['2026-10-28'],[],"Посылка зависла на сортировке, статус не меняется ПЯТЬ ДНЕЙ. дата [DATE] списали: 13084р Ссылка: [URL]",посылка зависла на сортировке статус не меняется пять дней 13084р,"['посылка', 'зависла', 'сортировке', 'статус', 'меняется', 'пять', 'дней', '13084р']","['посылка', 'зависнуть', 'сортировка', 'статус', 'меняться', 'пять', 'день', '13084р']"
26,web,2026-09-02 02:03:00,Сколько  будет  стоить  доставка  крупной ПОСЫЛКИ в другой город? ДАТА 04/09/2026 / телефон: +7 (910) 437-73-79,[],[],['+7 (910) 437-73-79'],['04/09/2026'],[],Сколько будет стоить доставка крупной ПОСЫЛКИ в другой город? ДАТА [DATE] телефон: [PHONE],сколько будет стоить доставка крупной посылки в другой город,"['сколько', 'стоить', 'доставка', 'крупной', 'посылки', 'город']","['сколько', 'стоить', 'доставка', 'крупный', 'посылка', 'город']"
27,social,2026-08-25 21:26:00,"Курьер  ПРИВЁЗ  чужой  заказ, мой ПАКЕТ у него отсутствует. дата 03-08-26; тел: +7 985 940 4912",[],[],['+7 985 940 4912'],['03-08-26'],[],"Курьер ПРИВЁЗ чужой заказ, мой ПАКЕТ у него отсутствует. дата [DATE]; тел: [PHONE]",курьер привёз чужой заказ мой пакет у него отсутствует,"['курьер', 'привёз', 'чужой', 'заказ', 'пакет', 'отсутствует']","['курьер', 'привезти', 'чужой', 'заказ', 'пакет', 'отсутствовать']"
28,social,2026-08-30 01:20:00,"Хочу перенести доставку НА другой ДЕНЬ, сегодня принять не смогу. цена: 90 011 ₽ ***",[],[],[],[],['90 011 ₽'],"Хочу перенести доставку НА другой ДЕНЬ, сегодня принять не смогу. цена: [PRICE]",хочу перенести доставку на другой день сегодня принять не смогу,"['хочу', 'перенести', 'доставку', 'день', 'сегодня', 'принять', 'смогу']","['хотеть', 'перенести', 'доставка', 'день', 'сегодня', 'принять', 'смочь']"
29,email,2026-08-22 03:40:00,Сколько  будет  стоить доставка КРУПНОЙ посылки в ДРУГОЙ город??? с 25.10.2026 | списали: 199 937 рублей,[],[],[],['25.10.2026'],['199 937 рублей'],Сколько будет стоить доставка КРУПНОЙ посылки в ДРУГОЙ город? с [DATE] списали: [PRICE],сколько будет стоить доставка крупной посылки в другой город с,"['сколько', 'стоить', 'доставка', 'крупной', 'посылки', 'город']","['сколько', 'стоить', 'доставка', 'крупный', 'посылка', 'город']"
30,mobile_app,2026-09-07 15:45:00,"Посылка зависла на сортировке, статус не меняется ПЯТЬ дней. вот страница https://courier-now.ru/item/30   с 05/04/2026   E-MAIL: HELP.ME@GMAIL.COM !!!",['https://courier-now.ru/item/30'],['HELP.ME@GMAIL.COM'],[],['05/04/2026'],[],"Посылка зависла на сортировке, статус не меняется ПЯТЬ дней. вот страница [URL] с [DATE] E-MAIL: [EMAIL] !",посылка зависла на сортировке статус не меняется пять дней вот с,"['посылка', 'зависла', 'сортировке', 'статус', 'меняется', 'пять', 'дней']","['посылка', 'зависнуть', 'сортировка', 'статус', 'меняться', 'пять', 'день']"
31,mobile_app,2026-09-03 16:22:00,Почему  доставка  стала  платной? при оформлении была бесплатная. цена: 863 RUB   нужно на 18-04-26   URL= https://www.track-fast.ru/support/31?from=mail ...,['https://www.track-fast.ru/support/31?from=mail'],[],[],['18-04-26'],['863 RUB'],Почему доставка стала платной? при оформлении была бесплатная. цена: [PRICE] нужно на [DATE] URL= [URL] .,почему доставка стала платной при оформлении была бесплатная,"['почему', 'доставка', 'стала', 'платной', 'оформлении', 'бесплатная']","['почему', 'доставка', 'стать', 'платный', 'оформление', 'бесплатный']"
32,social,2026-09-15 05:04:00,Сколько  будет  стоить доставка крупной ПОСЫЛКИ в другой ГОРОД?? звонить: +7 (957) 840-52-29 / URL= HTTPS://WWW.COURIER-NOW.RU/SUPPORT/32?FROM=MAIL,['HTTPS://WWW.COURIER-NOW.RU/SUPPORT/32?FROM=MAIL'],[],['+7 (957) 840-52-29'],[],[],Сколько будет стоить доставка крупной ПОСЫЛКИ в другой ГОРОД? звонить: [PHONE] URL= [URL],сколько будет стоить доставка крупной посылки в другой город,"['сколько', 'стоить', 'доставка', 'крупной', 'посылки', 'город']","['сколько', 'стоить', 'доставка', 'крупный', 'посылка', 'город']"
33,social,2026-09-15 13:03:00,"Посылка зависла На сортировке, статус не меняется пять дней. с 31/12/2026 / email: m.smirnova@gmail.com",[],['m.smirnova@gmail.com'],[],['31/12/2026'],[],"Посылка зависла На сортировке, статус не меняется пять дней. с [DATE] email: [EMAIL]",посылка зависла на сортировке статус не меняется пять дней с,"['посылка', 'зависла', 'сортировке', 'статус', 'меняется', 'пять', 'дней']","['посылка', 'зависнуть', 'сортировка', 'статус', 'меняться', 'пять', 'день']"
34,social,2026-08-25 06:48:00,"Посылка зависла на сортировке, статус не меняется пять дней.",[],[],[],[],[],"Посылка зависла на сортировке, статус не меняется пять дней.",посылка зависла на сортировке статус не меняется пять дней,"['посылка', 'зависла', 'сортировке', 'статус', 'меняется', 'пять', 'дней']","['посылка', 'зависнуть', 'сортировка', 'статус', 'меняться', 'пять', 'день']"
35,web,2026-09-08 15:41:00,Нужно  изменить  адрес  доставки  по отправлению №56022. мой номер: 89884246013 | СПИСАЛИ: 199962р,[],[],['89884246013'],[],[],Нужно изменить адрес доставки по отправлению №56022. мой номер: [PHONE] СПИСАЛИ: 199962р,нужно изменить адрес доставки по отправлению 199962р,"['нужно', 'изменить', 'адрес', 'доставки', 'отправлению', '199962р']","['нужно', 'изменить', 'адрес', 'доставка', 'отправление', '199962р']"
36,social,2026-09-05 03:33:00,Посылка Вернулась отправителю хотя срок Хранения ещё не закончился. вот страница http://track-fast.ru/order???id=1036   звонить: +7 996 272 3934   почта: m.smirnova@logi-mail.ru,['http://track-fast.ru/order???id=1036'],['m.smirnova@logi-mail.ru'],['+7 996 272 3934'],[],[],Посылка Вернулась отправителю хотя срок Хранения ещё не закончился. вот страница [URL] звонить: [PHONE] почта: [EMAIL],посылка вернулась отправителю хотя срок хранения ещё не закончился вот,"['посылка', 'вернулась', 'отправителю', 'хотя', 'срок', 'хранения', 'закончился']","['посылка', 'вернуться', 'отправитель', 'хотя', 'срок', 'хранение', 'закончиться']"
37,web,2026-09-11 07:38:00,🔥 Не получается найти отправление ПО ТРЕК номеру. телефон: 8 927 263 85 36 !!!,[],[],['8 927 263 85 36'],[],[],Не получается найти отправление ПО ТРЕК номеру. телефон: [PHONE] !,не получается найти отправление по трек номеру,"['получается', 'найти', 'отправление', 'трек', 'номеру']","['получаться', 'найти', 'отправление', 'трек', 'номер']"
38,chat,2026-09-10 12:34:00,"Курьер  привёз  чужой заказ, мой пакет у него отсутствует. ответьте на: help.me@mail.ru; телефон: 89555093651; нужно на 03/08/2026; смотрите www.courier-now.ru/page/38 ***",['www.courier-now.ru/page/38'],['help.me@mail.ru'],['89555093651'],['03/08/2026'],[],"Курьер привёз чужой заказ, мой пакет у него отсутствует. ответьте на: [EMAIL]; телефон: [PHONE]; нужно на [DATE]; смотрите [URL]",курьер привёз чужой заказ мой пакет у него отсутствует ответьте на,"['курьер', 'привёз', 'чужой', 'заказ', 'пакет', 'отсутствует', 'ответьте']","['курьер', 'привезти', 'чужой', 'заказ', 'пакет', 'отсутствовать', 'ответить']"
39,mobile_app,2026-09-15 03:34:00,"Курьер  привёз  чужой  ЗАКАЗ, мой пакет у него отсутствует. нужно на 03/07/2026 | тел: +7-988-133-82-19 | смотрите https://www.track-fast.ru/support/39?from=mail | списали: 124587р",['https://www.track-fast.ru/support/39?from=mail'],[],['+7-988-133-82-19'],['03/07/2026'],[],"Курьер привёз чужой ЗАКАЗ, мой пакет у него отсутствует. нужно на [DATE] тел: [PHONE] смотрите [URL] списали: 124587р",курьер привёз чужой заказ мой пакет у него отсутствует 124587р,"['курьер', 'привёз', 'чужой', 'заказ', 'пакет', 'отсутствует', '124587р']","['курьер', 'привезти', 'чужой', 'заказ', 'пакет', 'отсутствовать', '124587р']"
40,email,2026-09-14 14:08:00,🔥 Курьер  не  позвонил  и  отметил что меня не было дома. сумма: 46 003 рублей / e-mail: HELP.ME@LOGI-MAIL.RU / С 06-01-27 ***,[],['HELP.ME@LOGI-MAIL.RU'],[],['06-01-27'],['46 003 рублей'],Курьер не позвонил и отметил что меня не было дома. сумма: [PRICE] e-mail: [EMAIL] С [DATE],курьер не позвонил и отметил что меня не было дома с,"['курьер', 'позвонил', 'отметил', 'дома']","['курьер', 'позвонить', 'отметить', 'дом']"
41,mobile_app,2026-08-23 20:02:00,"Хочу  перенести доставку на другой день, сегодня принять не смогу. смотрите https://courier-now.ru/item/41 / email: m.smirnova@yandex.ru / списали: 89 994 ₽ / нужно на 22-10-26",['https://courier-now.ru/item/41'],['m.smirnova@yandex.ru'],[],['22-10-26'],['89 994 ₽'],"Хочу перенести доставку на другой день, сегодня принять не смогу. смотрите [URL] email: [EMAIL] списали: [PRICE] нужно на [DATE]",хочу перенести доставку на другой день сегодня принять не смогу,"['хочу', 'перенести', 'доставку', 'день', 'сегодня', 'принять', 'смогу']","['хотеть', 'перенести', 'доставка', 'день', 'сегодня', 'принять', 'смочь']"
42,web,2026-09-12 09:43:00,Курьер  не  позвонил и отметил Что меня не было дома. смотрите http://track-fast.ru/order?id=1042; мой номер: 8 927 199 89 36; сумма: 13 001 руб.,['http://track-fast.ru/order?id=1042'],[],['8 927 199 89 36'],[],['13 001 руб.'],Курьер не позвонил и отметил Что меня не было дома. смотрите [URL]; мой номер: [PHONE]; сумма: [PRICE],курьер не позвонил и отметил что меня не было дома,"['курьер', 'позвонил', 'отметил', 'дома']","['курьер', 'позвонить', 'отметить', 'дом']"
43,web,2026-09-14 13:41:00,🙂 Нужно изменить адрес ДОСТАВКИ по отправлению №14243. смотрите https://track-fast.ru/item/43   оформлено 12.02.2027   списали: 13 082 рублей ###,['https://track-fast.ru/item/43'],[],[],['12.02.2027'],['13 082 рублей'],Нужно изменить адрес ДОСТАВКИ по отправлению №14243. смотрите [URL] оформлено [DATE] списали: [PRICE],нужно изменить адрес доставки по отправлению,"['нужно', 'изменить', 'адрес', 'доставки', 'отправлению']","['нужно', 'изменить', 'адрес', 'доставка', 'отправление']"
44,web,2026-09-14 04:06:00,Почему доставка стала платной? при оформлении была бесплатная. URL= http://courier-now.ru/order?id=1044; Телефон: +7-929-498-27-45; ответьте на: user_3523@logi-mail.ru; стоимость: 504 ₽; оформлено 14/06/2026,['http://courier-now.ru/order?id=1044'],['user_3523@logi-mail.ru'],['+7-929-498-27-45'],['14/06/2026'],['504 ₽'],Почему доставка стала платной? при оформлении была бесплатная. URL= [URL]; Телефон: [PHONE]; ответьте на: [EMAIL]; стоимость: [PRICE]; оформлено [DATE],почему доставка стала платной при оформлении была бесплатная ответьте на,"['почему', 'доставка', 'стала', 'платной', 'оформлении', 'бесплатная', 'ответьте']","['почему', 'доставка', 'стать', 'платный', 'оформление', 'бесплатный', 'ответить']"
45,email,2026-09-16 15:29:00,"💸 Хочу  ПЕРЕНЕСТИ  доставку  на  другой день, сегодня принять не СМОГУ. телефон: +7 916 863 1699 | с 2026-07-14 | EMAIL: ivan.petrov@yandex.ru | Ссылка: http://delivery-example.ru/order???id=1045 | стоимость: 2541 RUB ***",['http://delivery-example.ru/order???id=1045'],['ivan.petrov@yandex.ru'],['+7 916 863 1699'],['2026-07-14'],['2541 RUB'],"Хочу ПЕРЕНЕСТИ доставку на другой день, сегодня принять не СМОГУ. телефон: [PHONE] с [DATE] EMAIL: [EMAIL] Ссылка: [URL] стоимость: [PRICE]",хочу перенести доставку на другой день сегодня принять не смогу с,"['хочу', 'перенести', 'доставку', 'день', 'сегодня', 'принять', 'смогу']","['хотеть', 'перенести', 'доставка', 'день', 'сегодня', 'принять', 'смочь']"
46,social,2026-08-20 06:29:00,⚠️ Курьер  не  позвонил  и отметил что меня не было дома. мой номер: +7 (960) 203-62-24 | сумма: 13049 RUB !!!,[],[],['+7 (960) 203-62-24'],[],['13049 RUB'],⚠ Курьер не позвонил и отметил что меня не было дома. мой номер: [PHONE] сумма: [PRICE] !,курьер не позвонил и отметил что меня не было дома,"['курьер', 'позвонил', 'отметил', 'дома']","['курьер', 'позвонить', 'отметить', 'дом']"
47,mobile_app,2026-08-31 21:12:00,"😡 Коробка  приехала помятая, внутри ТОВАР повреждён. с 07.07.2026",[],[],[],['07.07.2026'],[],"Коробка приехала помятая, внутри ТОВАР повреждён. с [DATE]",коробка приехала помятая внутри товар повреждён с,"['коробка', 'приехала', 'помятая', 'внутри', 'товар', 'повреждён']","['коробка', 'приехать', 'помятый', 'внутри', 'товар', 'повредить']"
48,mobile_app,2026-08-22 02:02:00,"Посылка зависла на сортировке, статус не МЕНЯЕТСЯ пять дней. звонить: 89151337826   СТОИМОСТЬ: 46 014 ₽",[],[],['89151337826'],[],['46 014 ₽'],"Посылка зависла на сортировке, статус не МЕНЯЕТСЯ пять дней. звонить: [PHONE] СТОИМОСТЬ: [PRICE]",посылка зависла на сортировке статус не меняется пять дней,"['посылка', 'зависла', 'сортировке', 'статус', 'меняется', 'пять', 'дней']","['посылка', 'зависнуть', 'сортировка', 'статус', 'меняться', 'пять', 'день']"
49,mobile_app,2026-09-02 01:20:00,Не получается найти отправление по трек номеру. СТОИМОСТЬ: 1 319 ₽; Ссылка: https://courier-now.ru/item/49,['https://courier-now.ru/item/49'],[],[],[],['1 319 ₽'],Не получается найти отправление по трек номеру. СТОИМОСТЬ: [PRICE]; Ссылка: [URL],не получается найти отправление по трек номеру,"['получается', 'найти', 'отправление', 'трек', 'номеру']","['получаться', 'найти', 'отправление', 'трек', 'номер']"
50,social,2026-08-20 14:47:00,"Посылка зависла на сортировке, статус не меняется пять дней. ответьте на: ivan.petrov@logi-mail.ru   Списали: 2 499 руб. ...",[],['ivan.petrov@logi-mail.ru'],[],[],['2 499 руб.'],"Посылка зависла на сортировке, статус не меняется пять дней. ответьте на: [EMAIL] Списали: [PRICE] .",посылка зависла на сортировке статус не меняется пять дней ответьте на,"['посылка', 'зависла', 'сортировке', 'статус', 'меняется', 'пять', 'дней', 'ответьте']","['посылка', 'зависнуть', 'сортировка', 'статус', 'меняться', 'пять', 'день', 'ответить']"
51,email,2026-09-03 05:44:00,Нужно изменить адрес доставки по отправлению №24098. дата 07/09/2026 / стоимость: 2 569 руб.,[],[],[],['07/09/2026'],['2 569 руб.'],Нужно изменить адрес доставки по отправлению №24098. дата [DATE] стоимость: [PRICE],нужно изменить адрес доставки по отправлению,"['нужно', 'изменить', 'адрес', 'доставки', 'отправлению']","['нужно', 'изменить', 'адрес', 'доставка', 'отправление']"
52,mobile_app,2026-08-31 13:01:00,⚠️ Не получается найти отправление по Трек номеру. цена: 826 ₽; мой номер: 89754688924; Дата 03/06/2026; Ссылка: https://courier-now.ru/item/52,['https://courier-now.ru/item/52'],[],['89754688924'],['03/06/2026'],['826 ₽'],⚠ Не получается найти отправление по Трек номеру. цена: [PRICE]; мой номер: [PHONE]; Дата [DATE]; Ссылка: [URL],не получается найти отправление по трек номеру,"['получается', 'найти', 'отправление', 'трек', 'номеру']","['получаться', 'найти', 'отправление', 'трек', 'номер']"
53,web,2026-08-30 17:25:00,Почему  доставка стала платной????? ПРИ оформлении была бесплатная. стоимость: 46004 RUB | смотрите https://www.delivery-example.ru/support/53?from=mail,['https://www.delivery-example.ru/support/53?from=mail'],[],[],[],['46004 RUB'],Почему доставка стала платной? ПРИ оформлении была бесплатная. стоимость: [PRICE] смотрите [URL],почему доставка стала платной при оформлении была бесплатная,"['почему', 'доставка', 'стала', 'платной', 'оформлении', 'бесплатная']","['почему', 'доставка', 'стать', 'платный', 'оформление', 'бесплатный']"
54,social,2026-08-27 00:22:00,Почему доставка стала платной? при оформлении была бесплатная. сумма: 1 365 руб.   ДАТА 03/05/2026,[],[],[],['03/05/2026'],['1 365 руб.'],Почему доставка стала платной? при оформлении была бесплатная. сумма: [PRICE] ДАТА [DATE],почему доставка стала платной при оформлении была бесплатная,"['почему', 'доставка', 'стала', 'платной', 'оформлении', 'бесплатная']","['почему', 'доставка', 'стать', 'платный', 'оформление', 'бесплатный']"
55,web,2026-09-16 15:13:00,Нужно изменить адрес доставки по отправлению №87175. звонить: +7-963-534-93-55 | оформлено 14/11/2026 ###,[],[],['+7-963-534-93-55'],['14/11/2026'],[],Нужно изменить адрес доставки по отправлению №87175. звонить: [PHONE] оформлено [DATE],нужно изменить адрес доставки по отправлению,"['нужно', 'изменить', 'адрес', 'доставки', 'отправлению']","['нужно', 'изменить', 'адрес', 'доставка', 'отправление']"
56,social,2026-09-01 14:22:00,"Посылка зависла на сортировке, статус не меняется пять дней. звонить: +7-950-879-84-94; стоимость: 2 516 рублей; URL= http://track-fast.ru/order?id=1056",['http://track-fast.ru/order?id=1056'],[],['+7-950-879-84-94'],[],['2 516 рублей'],"Посылка зависла на сортировке, статус не меняется пять дней. звонить: [PHONE]; стоимость: [PRICE]; URL= [URL]",посылка зависла на сортировке статус не меняется пять дней,"['посылка', 'зависла', 'сортировке', 'статус', 'меняется', 'пять', 'дней']","['посылка', 'зависнуть', 'сортировка', 'статус', 'меняться', 'пять', 'день']"
57,mobile_app,2026-09-15 04:28:00,Сколько будет стоить доставка крупной посылки в другой город???? дата 2026-03-22,[],[],[],['2026-03-22'],[],Сколько будет стоить доставка крупной посылки в другой город? дата [DATE],сколько будет стоить доставка крупной посылки в другой город,"['сколько', 'стоить', 'доставка', 'крупной', 'посылки', 'город']","['сколько', 'стоить', 'доставка', 'крупный', 'посылка', 'город']"
58,chat,2026-09-09 21:07:00,"КОРОБКА  приехала помятая, внутри товар ПОВРЕЖДЁН. списали: 124 572 ₽; вот страница www.delivery-example.ru/page/58; нужно на 19.10.2026; email: m.smirnova@gmail.com ...",['www.delivery-example.ru/page/58'],['m.smirnova@gmail.com'],[],['19.10.2026'],['124 572 ₽'],"КОРОБКА приехала помятая, внутри товар ПОВРЕЖДЁН. списали: [PRICE]; вот страница [URL]; нужно на [DATE]; email: [EMAIL] .",коробка приехала помятая внутри товар повреждён вот,"['коробка', 'приехала', 'помятая', 'внутри', 'товар', 'повреждён']","['коробка', 'приехать', 'помятый', 'внутри', 'товар', 'повредить']"
59,web,2026-08-31 22:18:00,Посылка вернулась отправителю хотя срок Хранения ещё не закончился. email: TEST.USER@yandex.ru | Ссылка: www.track-fast.ru/page/59,['www.track-fast.ru/page/59'],['TEST.USER@yandex.ru'],[],[],[],Посылка вернулась отправителю хотя срок Хранения ещё не закончился. email: [EMAIL] Ссылка: [URL],посылка вернулась отправителю хотя срок хранения ещё не закончился,"['посылка', 'вернулась', 'отправителю', 'хотя', 'срок', 'хранения', 'закончился']","['посылка', 'вернуться', 'отправитель', 'хотя', 'срок', 'хранение', 'закончиться']"
60,chat,2026-09-10 22:12:00,Посылка  вернулась  отправителю  хотя  срок хранения ещё не закончился. СПИСАЛИ: 6 036 ₽,[],[],[],[],['6 036 ₽'],Посылка вернулась отправителю хотя срок хранения ещё не закончился. СПИСАЛИ: [PRICE],посылка вернулась отправителю хотя срок хранения ещё не закончился,"['посылка', 'вернулась', 'отправителю', 'хотя', 'срок', 'хранения', 'закончился']","['посылка', 'вернуться', 'отправитель', 'хотя', 'срок', 'хранение', 'закончиться']"
61,chat,2026-09-07 07:39:00,Не  получается  НАЙТИ отправление по трек номеру. нужно на 28/11/2026; e-mail: user_2261@logi-mail.ru; стоимость: 13 029 РУБ.; Ссылка: HTTPS://TRACK-FAST.RU/ITEM/61; звонить: 8 980 602 71 46,['HTTPS://TRACK-FAST.RU/ITEM/61'],['user_2261@logi-mail.ru'],['8 980 602 71 46'],['28/11/2026'],['13 029 РУБ.'],Не получается НАЙТИ отправление по трек номеру. нужно на [DATE]; e-mail: [EMAIL]; стоимость: [PRICE]; Ссылка: [URL]; звонить: [PHONE],не получается найти отправление по трек номеру,"['получается', 'найти', 'отправление', 'трек', 'номеру']","['получаться', 'найти', 'отправление', 'трек', 'номер']"
62,chat,2026-08-24 05:02:00,Почему доставка стала платной? при оформлении была бесплатная. цена: 90044р   оформлено 28-02-27 ###,[],[],[],['28-02-27'],[],Почему доставка стала платной? при оформлении была бесплатная. цена: 90044р оформлено [DATE],почему доставка стала платной при оформлении была бесплатная 90044р,"['почему', 'доставка', 'стала', 'платной', 'оформлении', 'бесплатная', '90044р']","['почему', 'доставка', 'стать', 'платный', 'оформление', 'бесплатный', '90044р']"
63,mobile_app,2026-08-29 15:21:00,Почему доставка стала платной? при оформлении была бесплатная. тел: +7 967 813 9362   URL= https://courier-now.ru/item/63   цена: 1 317 ₽,['https://courier-now.ru/item/63'],[],['+7 967 813 9362'],[],['1 317 ₽'],Почему доставка стала платной? при оформлении была бесплатная. тел: [PHONE] URL= [URL] цена: [PRICE],почему доставка стала платной при оформлении была бесплатная,"['почему', 'доставка', 'стала', 'платной', 'оформлении', 'бесплатная']","['почему', 'доставка', 'стать', 'платный', 'оформление', 'бесплатный']"
64,social,2026-09-10 13:53:00,"Курьер привёз чужой заказ, мой пакет у него отсутствует. вот страница http://courier-now.ru/order?????id=1064   дата 03-10-26",['http://courier-now.ru/order?????id=1064'],[],[],['03-10-26'],[],"Курьер привёз чужой заказ, мой пакет у него отсутствует. вот страница [URL] дата [DATE]",курьер привёз чужой заказ мой пакет у него отсутствует вот,"['курьер', 'привёз', 'чужой', 'заказ', 'пакет', 'отсутствует']","['курьер', 'привезти', 'чужой', 'заказ', 'пакет', 'отсутствовать']"
65,social,2026-09-08 09:18:00,Сколько будет стоить доставка крупной посылки в другой город???? стоимость: 13 088 рублей; НУЖНО на 29.09.2026,[],[],[],['29.09.2026'],['13 088 рублей'],Сколько будет стоить доставка крупной посылки в другой город? стоимость: [PRICE]; НУЖНО на [DATE],сколько будет стоить доставка крупной посылки в другой город,"['сколько', 'стоить', 'доставка', 'крупной', 'посылки', 'город']","['сколько', 'стоить', 'доставка', 'крупный', 'посылка', 'город']"
66,mobile_app,2026-09-13 14:06:00,Нужно Изменить адрес доставки по отправлению №17830. смотрите https://www.courier-now.ru/support/66????from=mail | телефон: +7 (946) 946-79-62 | дата 21-01-27,['https://www.courier-now.ru/support/66????from=mail'],[],['+7 (946) 946-79-62'],['21-01-27'],[],Нужно Изменить адрес доставки по отправлению №17830. смотрите [URL] телефон: [PHONE] дата [DATE],нужно изменить адрес доставки по отправлению,"['нужно', 'изменить', 'адрес', 'доставки', 'отправлению']","['нужно', 'изменить', 'адрес', 'доставка', 'отправление']"
67,chat,2026-09-02 01:01:00,"Курьер  привёз чужой заказ, мой пакет У него отсутствует. ответьте на: ivan.petrov@mail.ru   дата 02-05-26   вот СТРАНИЦА http://delivery-example.ru/order????id=1067",['http://delivery-example.ru/order????id=1067'],['ivan.petrov@mail.ru'],[],['02-05-26'],[],"Курьер привёз чужой заказ, мой пакет У него отсутствует. ответьте на: [EMAIL] дата [DATE] вот СТРАНИЦА [URL]",курьер привёз чужой заказ мой пакет у него отсутствует ответьте на вот,"['курьер', 'привёз', 'чужой', 'заказ', 'пакет', 'отсутствует', 'ответьте']","['курьер', 'привезти', 'чужой', 'заказ', 'пакет', 'отсутствовать', 'ответить']"
68,social,2026-09-14 23:49:00,"Коробка  приехала  ПОМЯТАЯ, внутри товар повреждён. Ссылка: https://www.courier-now.ru/support/68?from=mail   звонить: +7 918 228 7772",['https://www.courier-now.ru/support/68?from=mail'],[],['+7 918 228 7772'],[],[],"Коробка приехала ПОМЯТАЯ, внутри товар повреждён. Ссылка: [URL] звонить: [PHONE]",коробка приехала помятая внутри товар повреждён,"['коробка', 'приехала', 'помятая', 'внутри', 'товар', 'повреждён']","['коробка', 'приехать', 'помятый', 'внутри', 'товар', 'повредить']"
69,mobile_app,2026-08-25 16:03:00,💸 Сколько будет стоить доставка крупной посылки В другой город?? списали: 89 996 рублей / тел: +7 (973) 758-49-94 / С 24/04/2026,[],[],['+7 (973) 758-49-94'],['24/04/2026'],['89 996 рублей'],Сколько будет стоить доставка крупной посылки В другой город? списали: [PRICE] тел: [PHONE] С [DATE],сколько будет стоить доставка крупной посылки в другой город с,"['сколько', 'стоить', 'доставка', 'крупной', 'посылки', 'город']","['сколько', 'стоить', 'доставка', 'крупный', 'посылка', 'город']"
70,mobile_app,2026-08-21 04:58:00,Курьер  не позвонил и отметил что меня не было дома. списали: 1 322 руб.,[],[],[],[],['1 322 руб.'],Курьер не позвонил и отметил что меня не было дома. списали: [PRICE],курьер не позвонил и отметил что меня не было дома,"['курьер', 'позвонил', 'отметил', 'дома']","['курьер', 'позвонить', 'отметить', 'дом']"
71,web,2026-08-24 08:58:00,"Посылка  зависла  на  сортировке, статус не меняется пять дней. тел: 8 991 375 56 89 !!!",[],[],['8 991 375 56 89'],[],[],"Посылка зависла на сортировке, статус не меняется пять дней. тел: [PHONE] !",посылка зависла на сортировке статус не меняется пять дней,"['посылка', 'зависла', 'сортировке', 'статус', 'меняется', 'пять', 'дней']","['посылка', 'зависнуть', 'сортировка', 'статус', 'меняться', 'пять', 'день']"
72,email,2026-08-28 03:26:00,Сколько будет стоить ДОСТАВКА крупной посылки в Другой город? Оформлено 2026-06-26 / вот СТРАНИЦА www.delivery-example.ru/page/72,['www.delivery-example.ru/page/72'],[],[],['2026-06-26'],[],Сколько будет стоить ДОСТАВКА крупной посылки в Другой город? Оформлено [DATE] вот СТРАНИЦА [URL],сколько будет стоить доставка крупной посылки в другой город вот,"['сколько', 'стоить', 'доставка', 'крупной', 'посылки', 'город']","['сколько', 'стоить', 'доставка', 'крупный', 'посылка', 'город']"
73,mobile_app,2026-08-28 07:26:00,"Курьер привёз чужой заказ, мой пакет у него отсутствует. тел: 89836237488   оформлено 04-11-26   URL= HTTPS://COURIER-NOW.RU/ITEM/73",['HTTPS://COURIER-NOW.RU/ITEM/73'],[],['89836237488'],['04-11-26'],[],"Курьер привёз чужой заказ, мой пакет у него отсутствует. тел: [PHONE] оформлено [DATE] URL= [URL]",курьер привёз чужой заказ мой пакет у него отсутствует,"['курьер', 'привёз', 'чужой', 'заказ', 'пакет', 'отсутствует']","['курьер', 'привезти', 'чужой', 'заказ', 'пакет', 'отсутствовать']"
74,chat,2026-09-11 19:54:00,Почему Доставка стала платной????? при оформлении была бесплатная. дата 2026-11-27   стоимость: 199 916 ₽   Ссылка: www.track-fast.ru/page/74,['www.track-fast.ru/page/74'],[],[],['2026-11-27'],['199 916 ₽'],Почему Доставка стала платной? при оформлении была бесплатная. дата [DATE] стоимость: [PRICE] Ссылка: [URL],почему доставка стала платной при оформлении была бесплатная,"['почему', 'доставка', 'стала', 'платной', 'оформлении', 'бесплатная']","['почему', 'доставка', 'стать', 'платный', 'оформление', 'бесплатный']"
75,chat,2026-08-22 10:21:00,"Хочу перенести доставку на другой день, сегодня ПРИНЯТЬ НЕ смогу. с 2026-08-07 / URL= https://www.track-fast.ru/support/75????from=mail / стоимость: 550р",['https://www.track-fast.ru/support/75????from=mail'],[],[],['2026-08-07'],[],"Хочу перенести доставку на другой день, сегодня ПРИНЯТЬ НЕ смогу. с [DATE] URL= [URL] стоимость: 550р",хочу перенести доставку на другой день сегодня принять не смогу с 550р,"['хочу', 'перенести', 'доставку', 'день', 'сегодня', 'принять', 'смогу', '550р']","['хотеть', 'перенести', 'доставка', 'день', 'сегодня', 'принять', 'смочь', '550р']"
76,email,2026-09-05 18:28:00,Курьер  не позвонил и отметил что меня НЕ было дома. e-mail: TEST.USER@yandex.ru   тел: 89014107575,[],['TEST.USER@yandex.ru'],['89014107575'],[],[],Курьер не позвонил и отметил что меня НЕ было дома. e-mail: [EMAIL] тел: [PHONE],курьер не позвонил и отметил что меня не было дома,"['курьер', 'позвонил', 'отметил', 'дома']","['курьер', 'позвонить', 'отметить', 'дом']"
77,web,2026-08-23 17:07:00,🙂 Курьер не ПОЗВОНИЛ и отметил что меня не было дома. Ссылка: https://www.delivery-example.ru/support/77????from=mail | нужно на 06/01/2027,['https://www.delivery-example.ru/support/77????from=mail'],[],[],['06/01/2027'],[],Курьер не ПОЗВОНИЛ и отметил что меня не было дома. Ссылка: [URL] нужно на [DATE],курьер не позвонил и отметил что меня не было дома,"['курьер', 'позвонил', 'отметил', 'дома']","['курьер', 'позвонить', 'отметить', 'дом']"
78,chat,2026-09-16 09:38:00,"Коробка приехала помятая, внутри товар ПОВРЕЖДЁН. Ссылка: www.track-fast.ru/page/78; мой номер: +7 986 205 9228; списали: 5 995 РУБ.; нужно на 05/03/2026 ...",['www.track-fast.ru/page/78'],[],['+7 986 205 9228'],['05/03/2026'],['5 995 РУБ.'],"Коробка приехала помятая, внутри товар ПОВРЕЖДЁН. Ссылка: [URL]; мой номер: [PHONE]; списали: [PRICE]; нужно на [DATE] .",коробка приехала помятая внутри товар повреждён,"['коробка', 'приехала', 'помятая', 'внутри', 'товар', 'повреждён']","['коробка', 'приехать', 'помятый', 'внутри', 'товар', 'повредить']"
79,mobile_app,2026-08-22 22:57:00,"💸 Курьер привёз чужой заказ, мой пакет у него отсутствует. цена: 6074р ...",[],[],[],[],[],"Курьер привёз чужой заказ, мой пакет у него отсутствует. цена: 6074р .",курьер привёз чужой заказ мой пакет у него отсутствует 6074р,"['курьер', 'привёз', 'чужой', 'заказ', 'пакет', 'отсутствует', '6074р']","['курьер', 'привезти', 'чужой', 'заказ', 'пакет', 'отсутствовать', '6074р']"
80,social,2026-09-07 07:18:00,Посылка вернулась отправителю ХОТЯ срок хранения ещё не закончился. телефон: 8 944 829 23 19 / смотрите http://track-fast.ru/order?id=1080,['http://track-fast.ru/order?id=1080'],[],['8 944 829 23 19'],[],[],Посылка вернулась отправителю ХОТЯ срок хранения ещё не закончился. телефон: [PHONE] смотрите [URL],посылка вернулась отправителю хотя срок хранения ещё не закончился,"['посылка', 'вернулась', 'отправителю', 'хотя', 'срок', 'хранения', 'закончился']","['посылка', 'вернуться', 'отправитель', 'хотя', 'срок', 'хранение', 'закончиться']"
81,mobile_app,2026-08-21 22:58:00,🔥 Не получается найти отправление по Трек номеру. с 15.03.2026   URL= https://courier-now.ru/item/81,['https://courier-now.ru/item/81'],[],[],['15.03.2026'],[],Не получается найти отправление по Трек номеру. с [DATE] URL= [URL],не получается найти отправление по трек номеру с,"['получается', 'найти', 'отправление', 'трек', 'номеру']","['получаться', 'найти', 'отправление', 'трек', 'номер']"
82,social,2026-08-24 03:05:00,Нужно изменить адрес доставки по отправлению №58942. оформлено 25-05-26 / тел: +7 940 270 5325 ???,[],[],['+7 940 270 5325'],['25-05-26'],[],Нужно изменить адрес доставки по отправлению №58942. оформлено [DATE] тел: [PHONE] ?,нужно изменить адрес доставки по отправлению,"['нужно', 'изменить', 'адрес', 'доставки', 'отправлению']","['нужно', 'изменить', 'адрес', 'доставка', 'отправление']"
83,web,2026-08-31 10:20:00,Курьер  не позвонил и отметил что меня не было дома. URL= HTTP://TRACK-FAST.RU/ORDER?????ID=1083; дата 07.12.2026; списали: 588р ###,['HTTP://TRACK-FAST.RU/ORDER?????ID=1083'],[],[],['07.12.2026'],[],Курьер не позвонил и отметил что меня не было дома. URL= [URL]; дата [DATE]; списали: 588р,курьер не позвонил и отметил что меня не было дома 588р,"['курьер', 'позвонил', 'отметил', 'дома', '588р']","['курьер', 'позвонить', 'отметить', 'дом', '588р']"
84,email,2026-08-31 10:09:00,"Хочу перенести доставку На другой день, сегодня Принять не СМОГУ. e-mail: user_7402@gmail.com   нужно НА 09/10/2026   вот страница HTTPS://DELIVERY-EXAMPLE.RU/ITEM/84",['HTTPS://DELIVERY-EXAMPLE.RU/ITEM/84'],['user_7402@gmail.com'],[],['09/10/2026'],[],"Хочу перенести доставку На другой день, сегодня Принять не СМОГУ. e-mail: [EMAIL] нужно НА [DATE] вот страница [URL]",хочу перенести доставку на другой день сегодня принять не смогу вот,"['хочу', 'перенести', 'доставку', 'день', 'сегодня', 'принять', 'смогу']","['хотеть', 'перенести', 'доставка', 'день', 'сегодня', 'принять', 'смочь']"
85,mobile_app,2026-09-09 17:56:00,💸 Почему доставка стала платной?? при ОФОРМЛЕНИИ БЫЛА бесплатная. списали: 2 583 ₽ / Ссылка: www.courier-now.ru/page/85 / почта: student2026@yandex.ru / мой номер: 8 978 184 33 65 / нужно на 04.07.2026,['www.courier-now.ru/page/85'],['student2026@yandex.ru'],['8 978 184 33 65'],['04.07.2026'],['2 583 ₽'],Почему доставка стала платной? при ОФОРМЛЕНИИ БЫЛА бесплатная. списали: [PRICE] Ссылка: [URL] почта: [EMAIL] мой номер: [PHONE] нужно на [DATE],почему доставка стала платной при оформлении была бесплатная,"['почему', 'доставка', 'стала', 'платной', 'оформлении', 'бесплатная']","['почему', 'доставка', 'стать', 'платный', 'оформление', 'бесплатный']"
86,web,2026-09-10 17:07:00,"Коробка приехала помятая, внутри товар повреждён. звонить: +7-977-448-26-62 / URL= Www.track-fast.ru/page/86",['Www.track-fast.ru/page/86'],[],['+7-977-448-26-62'],[],[],"Коробка приехала помятая, внутри товар повреждён. звонить: [PHONE] URL= [URL]",коробка приехала помятая внутри товар повреждён,"['коробка', 'приехала', 'помятая', 'внутри', 'товар', 'повреждён']","['коробка', 'приехать', 'помятый', 'внутри', 'товар', 'повредить']"
87,email,2026-08-28 13:23:00,Посылка вернулась отправителю хотя срок хранения Ещё не закончился. с 31.01.2027 / телефон: 89362288425,[],[],['89362288425'],['31.01.2027'],[],Посылка вернулась отправителю хотя срок хранения Ещё не закончился. с [DATE] телефон: [PHONE],посылка вернулась отправителю хотя срок хранения ещё не закончился с,"['посылка', 'вернулась', 'отправителю', 'хотя', 'срок', 'хранения', 'закончился']","['посылка', 'вернуться', 'отправитель', 'хотя', 'срок', 'хранение', 'закончиться']"
88,email,2026-09-04 22:56:00,"Курьер  привёз  чужой  заказ,  мой ПАКЕТ у него отсутствует. ОФОРМЛЕНО 2027-02-03 / тел: +7-978-425-70-86 ###",[],[],['+7-978-425-70-86'],['2027-02-03'],[],"Курьер привёз чужой заказ, мой ПАКЕТ у него отсутствует. ОФОРМЛЕНО [DATE] тел: [PHONE]",курьер привёз чужой заказ мой пакет у него отсутствует,"['курьер', 'привёз', 'чужой', 'заказ', 'пакет', 'отсутствует']","['курьер', 'привезти', 'чужой', 'заказ', 'пакет', 'отсутствовать']"
89,chat,2026-09-07 07:30:00,"Коробка  приехала  помятая, внутри товар повреждён. Ссылка: https://www.track-fast.ru/support/89?from=mail | телефон: 8 906 109 37 21 | с 27-11-26",['https://www.track-fast.ru/support/89?from=mail'],[],['8 906 109 37 21'],['27-11-26'],[],"Коробка приехала помятая, внутри товар повреждён. Ссылка: [URL] телефон: [PHONE] с [DATE]",коробка приехала помятая внутри товар повреждён с,"['коробка', 'приехала', 'помятая', 'внутри', 'товар', 'повреждён']","['коробка', 'приехать', 'помятый', 'внутри', 'товар', 'повредить']"
90,chat,2026-09-01 04:26:00,"Коробка  приехала  помятая,  внутри товар повреждён. звонить: 8 920 336 84 56; Сумма: 90 042 ₽",[],[],['8 920 336 84 56'],[],['90 042 ₽'],"Коробка приехала помятая, внутри товар повреждён. звонить: [PHONE]; Сумма: [PRICE]",коробка приехала помятая внутри товар повреждён,"['коробка', 'приехала', 'помятая', 'внутри', 'товар', 'повреждён']","['коробка', 'приехать', 'помятый', 'внутри', 'товар', 'повредить']"
91,social,2026-09-14 07:10:00,📌 Нужно изменить адрес доставки по отправлению №66490. почта: TEST.USER@gmail.com   тел: 89978028645   дата 2026-04-14   цена: 802 ₽,[],['TEST.USER@gmail.com'],['89978028645'],['2026-04-14'],['802 ₽'],Нужно изменить адрес доставки по отправлению №66490. почта: [EMAIL] тел: [PHONE] дата [DATE] цена: [PRICE],нужно изменить адрес доставки по отправлению,"['нужно', 'изменить', 'адрес', 'доставки', 'отправлению']","['нужно', 'изменить', 'адрес', 'доставка', 'отправление']"
92,social,2026-08-28 13:20:00,"Хочу  перенести  доставку на другой день, сегодня принять не смогу. дата 2026-06-13   URL= https://track-fast.ru/item/92   тел: +7 935 274 2347   списали: 1321р   email: STUDENT2026@MAIL.RU",['https://track-fast.ru/item/92'],['STUDENT2026@MAIL.RU'],['+7 935 274 2347'],['2026-06-13'],[],"Хочу перенести доставку на другой день, сегодня принять не смогу. дата [DATE] URL= [URL] тел: [PHONE] списали: 1321р email: [EMAIL]",хочу перенести доставку на другой день сегодня принять не смогу 1321р,"['хочу', 'перенести', 'доставку', 'день', 'сегодня', 'принять', 'смогу', '1321р']","['хотеть', 'перенести', 'доставка', 'день', 'сегодня', 'принять', 'смочь', '1321р']"
93,email,2026-09-09 10:40:00,Посылка вернулась отправителю хотя срок хранения ещё не закончился. ответьте НА: TEST.USER@mail.ru; URL= www.track-fast.ru/page/93; стоимость: 6041 RUB; оформлено 21.04.2026,['www.track-fast.ru/page/93'],['TEST.USER@mail.ru'],[],['21.04.2026'],['6041 RUB'],Посылка вернулась отправителю хотя срок хранения ещё не закончился. ответьте НА: [EMAIL]; URL= [URL]; стоимость: [PRICE]; оформлено [DATE],посылка вернулась отправителю хотя срок хранения ещё не закончился ответьте на,"['посылка', 'вернулась', 'отправителю', 'хотя', 'срок', 'хранения', 'закончился', 'ответьте']","['посылка', 'вернуться', 'отправитель', 'хотя', 'срок', 'хранение', 'закончиться', 'ответить']"
94,mobile_app,2026-09-04 17:07:00,Почему доставка стала платной? ПРИ оформлении была бесплатная. ЦЕНА: 46070 RUB / оформлено 13/08/2026 / смотрите http://delivery-example.ru/order?id=1094 / телефон: 8 973 350 73 39 !!!,['http://delivery-example.ru/order?id=1094'],[],['8 973 350 73 39'],['13/08/2026'],['46070 RUB'],Почему доставка стала платной? ПРИ оформлении была бесплатная. ЦЕНА: [PRICE] оформлено [DATE] смотрите [URL] телефон: [PHONE] !,почему доставка стала платной при оформлении была бесплатная,"['почему', 'доставка', 'стала', 'платной', 'оформлении', 'бесплатная']","['почему', 'доставка', 'стать', 'платный', 'оформление', 'бесплатный']"
95,social,2026-09-10 14:46:00,Сколько БУДЕТ СТОИТЬ доставка крупной ПОСЫЛКИ в другой город???? телефон: 8 961 726 37 76   нужно на 2026-04-11   e-mail: student2026@yandex.ru,[],['student2026@yandex.ru'],['8 961 726 37 76'],['2026-04-11'],[],Сколько БУДЕТ СТОИТЬ доставка крупной ПОСЫЛКИ в другой город? телефон: [PHONE] нужно на [DATE] e-mail: [EMAIL],сколько будет стоить доставка крупной посылки в другой город,"['сколько', 'стоить', 'доставка', 'крупной', 'посылки', 'город']","['сколько', 'стоить', 'доставка', 'крупный', 'посылка', 'город']"
96,email,2026-08-20 04:01:00,СКОЛЬКО  будет  стоить доставка крупной посылки в другой город???? с 11-02-27 | стоимость: 45999р | звонить: +7 (912) 666-49-29,[],[],['+7 (912) 666-49-29'],['11-02-27'],[],СКОЛЬКО будет стоить доставка крупной посылки в другой город? с [DATE] стоимость: 45999р звонить: [PHONE],сколько будет стоить доставка крупной посылки в другой город с 45999р,"['сколько', 'стоить', 'доставка', 'крупной', 'посылки', 'город', '45999р']","['сколько', 'стоить', 'доставка', 'крупный', 'посылка', 'город', '45999р']"
97,chat,2026-08-20 08:55:00,Не получается найти отправление по трек номеру. URL= http://courier-now.ru/order???id=1097,['http://courier-now.ru/order???id=1097'],[],[],[],[],Не получается найти отправление по трек номеру. URL= [URL],не получается найти отправление по трек номеру,"['получается', 'найти', 'отправление', 'трек', 'номеру']","['получаться', 'найти', 'отправление', 'трек', 'номер']"
98,mobile_app,2026-09-13 16:52:00,Не получается найти ОТПРАВЛЕНИЕ по трек номеру.,[],[],[],[],[],Не получается найти ОТПРАВЛЕНИЕ по трек номеру.,не получается найти отправление по трек номеру,"['получается', 'найти', 'отправление', 'трек', 'номеру']","['получаться', 'найти', 'отправление', 'трек', 'номер']"
99,social,2026-08-31 01:45:00,Сколько будет стоить доставка крупной посылки в другой город???? нужно на 16/05/2026 | ответьте на: student2026@logi-mail.ru | смотрите https://www.track-fast.ru/support/99?from=mail | сумма: 1309р,['https://www.track-fast.ru/support/99?from=mail'],['student2026@logi-mail.ru'],[],['16/05/2026'],[],Сколько будет стоить доставка крупной посылки в другой город? нужно на [DATE] ответьте на: [EMAIL] смотрите [URL] сумма: 1309р,сколько будет стоить доставка крупной посылки в другой город ответьте на 1309р,"['сколько', 'стоить', 'доставка', 'крупной', 'посылки', 'город', 'ответьте', '1309р']","['сколько', 'стоить', 'доставка', 'крупный', 'посылка', 'город', 'ответить', '1309р']"
100,mobile_app,2026-08-25 18:11:00,"🔥 Посылка ЗАВИСЛА на сортировке, статус Не меняется пять дней. телефон: +7-982-669-52-25; оформлено 07.04.2026",[],[],['+7-982-669-52-25'],['07.04.2026'],[],"Посылка ЗАВИСЛА на сортировке, статус Не меняется пять дней. телефон: [PHONE]; оформлено [DATE]",посылка зависла на сортировке статус не меняется пять дней,"['посылка', 'зависла', 'сортировке', 'статус', 'меняется', 'пять', 'дней']","['посылка', 'зависнуть', 'сортировка', 'статус', 'меняться', 'пять', 'день']"
101,social,2026-09-14 06:10:00,"Посылка зависла на сортировке, статус не меняется пять дней. смотрите https://www.track-fast.ru/support/101?from=mail",['https://www.track-fast.ru/support/101?from=mail'],[],[],[],[],"Посылка зависла на сортировке, статус не меняется пять дней. смотрите [URL]",посылка зависла на сортировке статус не меняется пять дней,"['посылка', 'зависла', 'сортировке', 'статус', 'меняется', 'пять', 'дней']","['посылка', 'зависнуть', 'сортировка', 'статус', 'меняться', 'пять', 'день']"
102,chat,2026-09-15 19:24:00,Почему доставка стала платной?? при оформлении Была бесплатная. URL= HTTPS://TRACK-FAST.RU/ITEM/102,['HTTPS://TRACK-FAST.RU/ITEM/102'],[],[],[],[],Почему доставка стала платной? при оформлении Была бесплатная. URL= [URL],почему доставка стала платной при оформлении была бесплатная,"['почему', 'доставка', 'стала', 'платной', 'оформлении', 'бесплатная']","['почему', 'доставка', 'стать', 'платный', 'оформление', 'бесплатный']"
103,web,2026-09-12 07:22:00,Не получается найти отправление по трек номеру. Звонить: +7 (986) 224-67-53   с 04/08/2026   списали: 2565 RUB   Email: student2026@yandex.ru,[],['student2026@yandex.ru'],['+7 (986) 224-67-53'],['04/08/2026'],['2565 RUB'],Не получается найти отправление по трек номеру. Звонить: [PHONE] с [DATE] списали: [PRICE] Email: [EMAIL],не получается найти отправление по трек номеру с,"['получается', 'найти', 'отправление', 'трек', 'номеру']","['получаться', 'найти', 'отправление', 'трек', 'номер']"
104,social,2026-09-06 01:29:00,Курьер НЕ позвонил И отметил что меня не было ДОМА. тел: +7 (906) 964-93-13,[],[],['+7 (906) 964-93-13'],[],[],Курьер НЕ позвонил И отметил что меня не было ДОМА. тел: [PHONE],курьер не позвонил и отметил что меня не было дома,"['курьер', 'позвонил', 'отметил', 'дома']","['курьер', 'позвонить', 'отметить', 'дом']"
105,web,2026-09-02 05:46:00,😡 Посылка  вернулась  отправителю  хотя Срок хранения ещё не закончился. оформлено 2026-11-22 | Сумма: 1 296 ₽ | почта: M.SMIRNOVA@LOGI-MAIL.RU,[],['M.SMIRNOVA@LOGI-MAIL.RU'],[],['2026-11-22'],['1 296 ₽'],Посылка вернулась отправителю хотя Срок хранения ещё не закончился. оформлено [DATE] Сумма: [PRICE] почта: [EMAIL],посылка вернулась отправителю хотя срок хранения ещё не закончился,"['посылка', 'вернулась', 'отправителю', 'хотя', 'срок', 'хранения', 'закончился']","['посылка', 'вернуться', 'отправитель', 'хотя', 'срок', 'хранение', 'закончиться']"
106,social,2026-08-22 03:41:00,🙂 Не  получается  найти  отправление по трек номеру. ТЕЛЕФОН: 8 931 956 79 17   Url= Http://courier-now.ru/order????id=1106   СПИСАЛИ: 2581р,['Http://courier-now.ru/order????id=1106'],[],['8 931 956 79 17'],[],[],Не получается найти отправление по трек номеру. ТЕЛЕФОН: [PHONE] Url= [URL] СПИСАЛИ: 2581р,не получается найти отправление по трек номеру 2581р,"['получается', 'найти', 'отправление', 'трек', 'номеру', '2581р']","['получаться', 'найти', 'отправление', 'трек', 'номер', '2581р']"
107,web,2026-09-14 04:31:00,Посылка  вернулась  отправителю хотя срок хранения ещё Не Закончился. ответьте на: student2026@mail.ru   списали: 2 557 рублей ???,[],['student2026@mail.ru'],[],[],['2 557 рублей'],Посылка вернулась отправителю хотя срок хранения ещё Не Закончился. ответьте на: [EMAIL] списали: [PRICE] ?,посылка вернулась отправителю хотя срок хранения ещё не закончился ответьте на,"['посылка', 'вернулась', 'отправителю', 'хотя', 'срок', 'хранения', 'закончился', 'ответьте']","['посылка', 'вернуться', 'отправитель', 'хотя', 'срок', 'хранение', 'закончиться', 'ответить']"
108,chat,2026-09-13 14:15:00,📌 Курьер не позвонил и отметил что меня не было дома. звонить: +7 998 339 3891; email: user_8532@logi-mail.ru; сумма: 13 042 рублей; нужно на 09-10-26,[],['user_8532@logi-mail.ru'],['+7 998 339 3891'],['09-10-26'],['13 042 рублей'],Курьер не позвонил и отметил что меня не было дома. звонить: [PHONE]; email: [EMAIL]; сумма: [PRICE]; нужно на [DATE],курьер не позвонил и отметил что меня не было дома,"['курьер', 'позвонил', 'отметил', 'дома']","['курьер', 'позвонить', 'отметить', 'дом']"
109,chat,2026-09-07 15:04:00,"Посылка  Зависла  на  сортировке,  статус не меняется пять ДНЕЙ. телефон: +7-938-855-40-49   с 2026-12-26   ответьте На: ivan.petrov@gmail.com   стоимость: 124 567 рублей !!!",[],['ivan.petrov@gmail.com'],['+7-938-855-40-49'],['2026-12-26'],['124 567 рублей'],"Посылка Зависла на сортировке, статус не меняется пять ДНЕЙ. телефон: [PHONE] с [DATE] ответьте На: [EMAIL] стоимость: [PRICE] !",посылка зависла на сортировке статус не меняется пять дней с ответьте на,"['посылка', 'зависла', 'сортировке', 'статус', 'меняется', 'пять', 'дней', 'ответьте']","['посылка', 'зависнуть', 'сортировка', 'статус', 'меняться', 'пять', 'день', 'ответить']"
110,social,2026-09-01 12:05:00,СКОЛЬКО будет стоить Доставка крупной посылки в другой город??? смотрите https://www.track-fast.ru/support/110?from=mail / сумма: 545р / мой номер: +7 (959) 187-74-68 / нужно на 19/05/2026 ###,['https://www.track-fast.ru/support/110?from=mail'],[],['+7 (959) 187-74-68'],['19/05/2026'],[],СКОЛЬКО будет стоить Доставка крупной посылки в другой город? смотрите [URL] сумма: 545р мой номер: [PHONE] нужно на [DATE],сколько будет стоить доставка крупной посылки в другой город 545р,"['сколько', 'стоить', 'доставка', 'крупной', 'посылки', 'город', '545р']","['сколько', 'стоить', 'доставка', 'крупный', 'посылка', 'город', '545р']"
111,web,2026-08-29 17:09:00,"КУРЬЕР привёз чужой заказ, мой пакет у него отсутствует. смотрите https://delivery-example.ru/item/111 / e-mail: user_8180@mail.ru / Звонить: +7 963 631 6564 / цена: 13015 RUB / дата 09.10.2026",['https://delivery-example.ru/item/111'],['user_8180@mail.ru'],['+7 963 631 6564'],['09.10.2026'],['13015 RUB'],"КУРЬЕР привёз чужой заказ, мой пакет у него отсутствует. смотрите [URL] e-mail: [EMAIL] Звонить: [PHONE] цена: [PRICE] дата [DATE]",курьер привёз чужой заказ мой пакет у него отсутствует,"['курьер', 'привёз', 'чужой', 'заказ', 'пакет', 'отсутствует']","['курьер', 'привезти', 'чужой', 'заказ', 'пакет', 'отсутствовать']"
112,chat,2026-09-04 08:12:00,Не  получается  найти  отправление по трек номеру. Телефон: +7 903 334 7333 | email: student2026@logi-mail.ru | цена: 124 523 РУБЛЕЙ | URL= https://www.courier-now.ru/support/112???from=mail,['https://www.courier-now.ru/support/112???from=mail'],['student2026@logi-mail.ru'],['+7 903 334 7333'],[],['124 523 РУБЛЕЙ'],Не получается найти отправление по трек номеру. Телефон: [PHONE] email: [EMAIL] цена: [PRICE] URL= [URL],не получается найти отправление по трек номеру,"['получается', 'найти', 'отправление', 'трек', 'номеру']","['получаться', 'найти', 'отправление', 'трек', 'номер']"
113,mobile_app,2026-09-12 07:07:00,Не  получается  найти  отправление  по трек Номеру. стоимость: 2 585 рублей | телефон: +7 (922) 951-92-53,[],[],['+7 (922) 951-92-53'],[],['2 585 рублей'],Не получается найти отправление по трек Номеру. стоимость: [PRICE] телефон: [PHONE],не получается найти отправление по трек номеру,"['получается', 'найти', 'отправление', 'трек', 'номеру']","['получаться', 'найти', 'отправление', 'трек', 'номер']"
114,email,2026-09-14 17:25:00,"Коробка приехала ПОМЯТАЯ, внутри товар повреждён. Ссылка: https://courier-now.ru/item/114 / почта: USER_3984@MAIL.RU",['https://courier-now.ru/item/114'],['USER_3984@MAIL.RU'],[],[],[],"Коробка приехала ПОМЯТАЯ, внутри товар повреждён. Ссылка: [URL] почта: [EMAIL]",коробка приехала помятая внутри товар повреждён,"['коробка', 'приехала', 'помятая', 'внутри', 'товар', 'повреждён']","['коробка', 'приехать', 'помятый', 'внутри', 'товар', 'повредить']"
115,social,2026-09-11 02:57:00,"Хочу перенести ДОСТАВКУ на ДРУГОЙ день, сегодня принять не смогу. URL= www.track-fast.ru/page/115 | звонить: +7 (949) 905-55-94 | ответьте на: m.smirnova@logi-mail.ru | сумма: 90 032 рублей",['www.track-fast.ru/page/115'],['m.smirnova@logi-mail.ru'],['+7 (949) 905-55-94'],[],['90 032 рублей'],"Хочу перенести ДОСТАВКУ на ДРУГОЙ день, сегодня принять не смогу. URL= [URL] звонить: [PHONE] ответьте на: [EMAIL] сумма: [PRICE]",хочу перенести доставку на другой день сегодня принять не смогу ответьте на,"['хочу', 'перенести', 'доставку', 'день', 'сегодня', 'принять', 'смогу', 'ответьте']","['хотеть', 'перенести', 'доставка', 'день', 'сегодня', 'принять', 'смочь', 'ответить']"
116,social,2026-09-04 19:59:00,Нужно изменить адрес Доставки по отправлению №54036. цена: 199 927 руб. / с 23-02-27,[],[],[],['23-02-27'],['199 927 руб.'],Нужно изменить адрес Доставки по отправлению №54036. цена: [PRICE] с [DATE],нужно изменить адрес доставки по отправлению с,"['нужно', 'изменить', 'адрес', 'доставки', 'отправлению']","['нужно', 'изменить', 'адрес', 'доставка', 'отправление']"
117,social,2026-09-13 15:34:00,"Коробка приехала помятая, внутри товар повреждён. email: user_2649@mail.ru   тел: 89181765639   списали: 124 568 руб. !!!",[],['user_2649@mail.ru'],['89181765639'],[],['124 568 руб.'],"Коробка приехала помятая, внутри товар повреждён. email: [EMAIL] тел: [PHONE] списали: [PRICE] !",коробка приехала помятая внутри товар повреждён,"['коробка', 'приехала', 'помятая', 'внутри', 'товар', 'повреждён']","['коробка', 'приехать', 'помятый', 'внутри', 'товар', 'повредить']"
118,web,2026-08-27 18:13:00,"Хочу  Перенести  ДОСТАВКУ на другой день, сегодня принять не смогу. Ссылка: https://www.delivery-example.ru/support/118????from=mail",['https://www.delivery-example.ru/support/118????from=mail'],[],[],[],[],"Хочу Перенести ДОСТАВКУ на другой день, сегодня принять не смогу. Ссылка: [URL]",хочу перенести доставку на другой день сегодня принять не смогу,"['хочу', 'перенести', 'доставку', 'день', 'сегодня', 'принять', 'смогу']","['хотеть', 'перенести', 'доставка', 'день', 'сегодня', 'принять', 'смочь']"
119,email,2026-09-14 10:58:00,💸 Не  получается  найти  отправление  по трек номеру. нужно на 2026-07-08 | e-mail: ivan.petrov@gmail.com,[],['ivan.petrov@gmail.com'],[],['2026-07-08'],[],Не получается найти отправление по трек номеру. нужно на [DATE] e-mail: [EMAIL],не получается найти отправление по трек номеру,"['получается', 'найти', 'отправление', 'трек', 'номеру']","['получаться', 'найти', 'отправление', 'трек', 'номер']"
120,social,2026-09-10 16:20:00,Почему доставка стала платной????? при оформлении была бесплатная. URL= https://delivery-example.ru/item/120 | дата 2027-02-02 ???,['https://delivery-example.ru/item/120'],[],[],['2027-02-02'],[],Почему доставка стала платной? при оформлении была бесплатная. URL= [URL] дата [DATE] ?,почему доставка стала платной при оформлении была бесплатная,"['почему', 'доставка', 'стала', 'платной', 'оформлении', 'бесплатная']","['почему', 'доставка', 'стать', 'платный', 'оформление', 'бесплатный']"
121,social,2026-09-14 03:53:00,Сколько  будет  Стоить  доствка  крупной посылки в другой ГОРОД??? стоимость: 199 998 ₽,[],[],[],[],['199 998 ₽'],Сколько будет Стоить доствка крупной посылки в другой ГОРОД? стоимость: [PRICE],сколько будет стоить доствка крупной посылки в другой город,"['сколько', 'стоить', 'доствка', 'крупной', 'посылки', 'город']","['сколько', 'стоить', 'доствка', 'крупный', 'посылка', 'город']"
122,social,2026-09-10 04:51:00,📌 Посылка вернулась отправителю хотя срок хранения ещё НЕ закончился. сумма: 89999р,[],[],[],[],[],Посылка вернулась отправителю хотя срок хранения ещё НЕ закончился. сумма: 89999р,посылка вернулась отправителю хотя срок хранения ещё не закончился 89999р,"['посылка', 'вернулась', 'отправителю', 'хотя', 'срок', 'хранения', 'закончился', '89999р']","['посылка', 'вернуться', 'отправитель', 'хотя', 'срок', 'хранение', 'закончиться', '89999р']"
123,email,2026-09-13 01:46:00,"Курьер  привёз  чужой ЗАКАЗ, мой пакет у него отсутствует. списали: 2 527 рублей",[],[],[],[],['2 527 рублей'],"Курьер привёз чужой ЗАКАЗ, мой пакет у него отсутствует. списали: [PRICE]",курьер привёз чужой заказ мой пакет у него отсутствует,"['курьер', 'привёз', 'чужой', 'заказ', 'пакет', 'отсутствует']","['курьер', 'привезти', 'чужой', 'заказ', 'пакет', 'отсутствовать']"
124,mobile_app,2026-08-31 09:57:00,Не  получается  найти  отправление  по трек номеру. вот страница https://track-fast.ru/item/124,['https://track-fast.ru/item/124'],[],[],[],[],Не получается найти отправление по трек номеру. вот страница [URL],не получается найти отправление по трек номеру вот,"['получается', 'найти', 'отправление', 'трек', 'номеру']","['получаться', 'найти', 'отправление', 'трек', 'номер']"
125,mobile_app,2026-09-07 02:33:00,Почему доставка стала платной????? при оформлении была бесплатная. списали: 6 029 руб.,[],[],[],[],['6 029 руб.'],Почему доставка стала платной? при оформлении была бесплатная. списали: [PRICE],почему доставка стала платной при оформлении была бесплатная,"['почему', 'доставка', 'стала', 'платной', 'оформлении', 'бесплатная']","['почему', 'доставка', 'стать', 'платный', 'оформление', 'бесплатный']"
126,chat,2026-08-23 07:27:00,"Хочу  перенести  доставку  НА другой день, сегодня принять не смогу. с 13-02-27; стоимость: 2535р",[],[],[],['13-02-27'],[],"Хочу перенести доставку НА другой день, сегодня принять не смогу. с [DATE]; стоимость: 2535р",хочу перенести доставку на другой день сегодня принять не смогу с 2535р,"['хочу', 'перенести', 'доставку', 'день', 'сегодня', 'принять', 'смогу', '2535р']","['хотеть', 'перенести', 'доставка', 'день', 'сегодня', 'принять', 'смочь', '2535р']"
127,social,2026-08-28 11:02:00,"Хочу  перенести  доставку на другой день, сегодня принять не смогу. дата 2026-08-30 / email: m.smirnova@mail.ru / сумма: 13 061 руб. / мой номер: +7 (900) 994-67-70",[],['m.smirnova@mail.ru'],['+7 (900) 994-67-70'],['2026-08-30'],['13 061 руб.'],"Хочу перенести доставку на другой день, сегодня принять не смогу. дата [DATE] email: [EMAIL] сумма: [PRICE] мой номер: [PHONE]",хочу перенести доставку на другой день сегодня принять не смогу,"['хочу', 'перенести', 'доставку', 'день', 'сегодня', 'принять', 'смогу']","['хотеть', 'перенести', 'доставка', 'день', 'сегодня', 'принять', 'смочь']"
128,chat,2026-09-14 05:28:00,"Коробка приехала помятая, внутри товар повреждён. почта: TEST.USER@gmail.com",[],['TEST.USER@gmail.com'],[],[],[],"Коробка приехала помятая, внутри товар повреждён. почта: [EMAIL]",коробка приехала помятая внутри товар повреждён,"['коробка', 'приехала', 'помятая', 'внутри', 'товар', 'повреждён']","['коробка', 'приехать', 'помятый', 'внутри', 'товар', 'повредить']"
129,social,2026-09-04 12:23:00,"😡 Курьер Привёз чужой заказ, мой пакет у него отсутствует. Ссылка: www.delivery-example.ru/page/129",['www.delivery-example.ru/page/129'],[],[],[],[],"Курьер Привёз чужой заказ, мой пакет у него отсутствует. Ссылка: [URL]",курьер привёз чужой заказ мой пакет у него отсутствует,"['курьер', 'привёз', 'чужой', 'заказ', 'пакет', 'отсутствует']","['курьер', 'привезти', 'чужой', 'заказ', 'пакет', 'отсутствовать']"
130,email,2026-08-23 23:14:00,Нужно  изменить  адрес доставки по отправлению №20629. почта: ivan.petrov@logi-mail.ru ###,[],['ivan.petrov@logi-mail.ru'],[],[],[],Нужно изменить адрес доставки по отправлению №20629. почта: [EMAIL],нужно изменить адрес доставки по отправлению,"['нужно', 'изменить', 'адрес', 'доставки', 'отправлению']","['нужно', 'изменить', 'адрес', 'доставка', 'отправление']"
131,chat,2026-09-14 11:27:00,Не получается найти отправление по трек номеру. сумма: 45 991 руб. / e-mail: student2026@logi-mail.ru / дата 08/04/2026,[],['student2026@logi-mail.ru'],[],['08/04/2026'],['45 991 руб.'],Не получается найти отправление по трек номеру. сумма: [PRICE] e-mail: [EMAIL] дата [DATE],не получается найти отправление по трек номеру,"['получается', 'найти', 'отправление', 'трек', 'номеру']","['получаться', 'найти', 'отправление', 'трек', 'номер']"
132,social,2026-08-29 13:03:00,📌 СКОЛЬКО будет стоить доставка крупной посылки в другой город? дата 2026-04-12 / EMAIL: m.smirnova@yandex.ru / смотрите HTTPS://WWW.DELIVERY-EXAMPLE.RU/SUPPORT/132?FROM=MAIL / стоимость: 514 рублей,['HTTPS://WWW.DELIVERY-EXAMPLE.RU/SUPPORT/132?FROM=MAIL'],['m.smirnova@yandex.ru'],[],['2026-04-12'],['514 рублей'],СКОЛЬКО будет стоить доставка крупной посылки в другой город? дата [DATE] EMAIL: [EMAIL] смотрите [URL] стоимость: [PRICE],сколько будет стоить доставка крупной посылки в другой город,"['сколько', 'стоить', 'доставка', 'крупной', 'посылки', 'город']","['сколько', 'стоить', 'доставка', 'крупный', 'посылка', 'город']"
133,mobile_app,2026-09-07 19:31:00,Сколько  будет  стоить доставка Крупной Посылки в другой город???? цена: 875 RUB / оформлено 24/01/2027 / тел: 89633696880,[],[],['89633696880'],['24/01/2027'],['875 RUB'],Сколько будет стоить доставка Крупной Посылки в другой город? цена: [PRICE] оформлено [DATE] тел: [PHONE],сколько будет стоить доставка крупной посылки в другой город,"['сколько', 'стоить', 'доставка', 'крупной', 'посылки', 'город']","['сколько', 'стоить', 'доставка', 'крупный', 'посылка', 'город']"
134,email,2026-09-04 08:45:00,📌 Почему доставка стала платной? при оформлении была Бесплатная. URL= https://delivery-example.ru/item/134   e-mail: m.smirnova@mail.ru   мой НОМЕР: +7-976-660-18-32   сумма: 566 ₽,['https://delivery-example.ru/item/134'],['m.smirnova@mail.ru'],['+7-976-660-18-32'],[],['566 ₽'],Почему доставка стала платной? при оформлении была Бесплатная. URL= [URL] e-mail: [EMAIL] мой НОМЕР: [PHONE] сумма: [PRICE],почему доставка стала платной при оформлении была бесплатная,"['почему', 'доставка', 'стала', 'платной', 'оформлении', 'бесплатная']","['почему', 'доставка', 'стать', 'платный', 'оформление', 'бесплатный']"
135,chat,2026-09-06 17:36:00,Посылка  вернулась отправителю хотя срок хранения ещё не закончился. мой номер: +7 904 184 7272,[],[],['+7 904 184 7272'],[],[],Посылка вернулась отправителю хотя срок хранения ещё не закончился. мой номер: [PHONE],посылка вернулась отправителю хотя срок хранения ещё не закончился,"['посылка', 'вернулась', 'отправителю', 'хотя', 'срок', 'хранения', 'закончился']","['посылка', 'вернуться', 'отправитель', 'хотя', 'срок', 'хранение', 'закончиться']"
136,web,2026-08-23 19:23:00,"Коробка приехала помятая, внутри товар повреждён. мой номер: 89935862479 | e-mail: user_8917@mail.ru | URL= https://www.courier-now.ru/support/136????from=mail ...",['https://www.courier-now.ru/support/136????from=mail'],['user_8917@mail.ru'],['89935862479'],[],[],"Коробка приехала помятая, внутри товар повреждён. мой номер: [PHONE] e-mail: [EMAIL] URL= [URL] .",коробка приехала помятая внутри товар повреждён,"['коробка', 'приехала', 'помятая', 'внутри', 'товар', 'повреждён']","['коробка', 'приехать', 'помятый', 'внутри', 'товар', 'повредить']"
137,web,2026-08-21 00:08:00,Сколько  будет  стоить  доставка крупной Посылки в другой город? Ссылка: http://track-fast.ru/order?id=1137; звонить: 8 936 304 14 50; сумма: 587 ₽,['http://track-fast.ru/order?id=1137'],[],['8 936 304 14 50'],[],['587 ₽'],Сколько будет стоить доставка крупной Посылки в другой город? Ссылка: [URL]; звонить: [PHONE]; сумма: [PRICE],сколько будет стоить доставка крупной посылки в другой город,"['сколько', 'стоить', 'доставка', 'крупной', 'посылки', 'город']","['сколько', 'стоить', 'доставка', 'крупный', 'посылка', 'город']"
138,social,2026-09-12 08:52:00,Посылка  вернулась  отправителю  хотя  срок хранения ещё не закончился. сумма: 46079р | почта: student2026@yandex.ru,[],['student2026@yandex.ru'],[],[],[],Посылка вернулась отправителю хотя срок хранения ещё не закончился. сумма: 46079р почта: [EMAIL],посылка вернулась отправителю хотя срок хранения ещё не закончился 46079р,"['посылка', 'вернулась', 'отправителю', 'хотя', 'срок', 'хранения', 'закончился', '46079р']","['посылка', 'вернуться', 'отправитель', 'хотя', 'срок', 'хранение', 'закончиться', '46079р']"
139,social,2026-09-13 02:05:00,Нужно  изменить  адрес  доставки  по отправлению №28974. смотрите http://track-fast.ru/order?id=1139; Звонить: +7 916 610 9273; СУММА: 124588 RUB,['http://track-fast.ru/order?id=1139'],[],['+7 916 610 9273'],[],['124588 RUB'],Нужно изменить адрес доставки по отправлению №28974. смотрите [URL]; Звонить: [PHONE]; СУММА: [PRICE],нужно изменить адрес доставки по отправлению,"['нужно', 'изменить', 'адрес', 'доставки', 'отправлению']","['нужно', 'изменить', 'адрес', 'доставка', 'отправление']"
140,social,2026-09-09 09:34:00,"Курьер  привёз  чужой заказ, МОЙ пакет У него отсутствует. нужно на 2026-06-06 / сумма: 124556р",[],[],[],['2026-06-06'],[],"Курьер привёз чужой заказ, МОЙ пакет У него отсутствует. нужно на [DATE] сумма: 124556р",курьер привёз чужой заказ мой пакет у него отсутствует 124556р,"['курьер', 'привёз', 'чужой', 'заказ', 'пакет', 'отсутствует', '124556р']","['курьер', 'привезти', 'чужой', 'заказ', 'пакет', 'отсутствовать', '124556р']"
141,social,2026-09-12 01:13:00,🙂 Курьер не позвонил И отметил что меня не было дома. стоимость: 13 087 рублей | МОЙ номер: +7 972 472 4840 | e-mail: help.me@logi-mail.ru | URL= http://delivery-example.ru/order?id=1141 | с 2026-11-21,['http://delivery-example.ru/order?id=1141'],['help.me@logi-mail.ru'],['+7 972 472 4840'],['2026-11-21'],['13 087 рублей'],Курьер не позвонил И отметил что меня не было дома. стоимость: [PRICE] МОЙ номер: [PHONE] e-mail: [EMAIL] URL= [URL] с [DATE],курьер не позвонил и отметил что меня не было дома с,"['курьер', 'позвонил', 'отметил', 'дома']","['курьер', 'позвонить', 'отметить', 'дом']"
142,email,2026-09-15 13:34:00,Посылка  вернулась  отправителю хотя срок хранения ещё не закончился. почта: TEST.USER@logi-mail.ru,[],['TEST.USER@logi-mail.ru'],[],[],[],Посылка вернулась отправителю хотя срок хранения ещё не закончился. почта: [EMAIL],посылка вернулась отправителю хотя срок хранения ещё не закончился,"['посылка', 'вернулась', 'отправителю', 'хотя', 'срок', 'хранения', 'закончился']","['посылка', 'вернуться', 'отправитель', 'хотя', 'срок', 'хранение', 'закончиться']"
143,mobile_app,2026-09-06 12:11:00,"Хочу  перенести  доставку на другой день, сегодня принять не смогу. сумма: 90007р / Нужно на 09/08/2026 / URL= www.track-fast.ru/page/143 / звонить: +7-957-313-13-64",['www.track-fast.ru/page/143'],[],['+7-957-313-13-64'],['09/08/2026'],[],"Хочу перенести доставку на другой день, сегодня принять не смогу. сумма: 90007р Нужно на [DATE] URL= [URL] звонить: [PHONE]",хочу перенести доставку на другой день сегодня принять не смогу 90007р,"['хочу', 'перенести', 'доставку', 'день', 'сегодня', 'принять', 'смогу', '90007р']","['хотеть', 'перенести', 'доставка', 'день', 'сегодня', 'принять', 'смочь', '90007р']"
144,social,2026-09-14 11:19:00,Нужно ИЗМЕНИТЬ адрес доставки по отправлению №68271. ответьте на: help.me@mail.ru; с 26.12.2026; Ссылка: https://www.delivery-example.ru/support/144?from=mail ...,['https://www.delivery-example.ru/support/144?from=mail'],['help.me@mail.ru'],[],['26.12.2026'],[],Нужно ИЗМЕНИТЬ адрес доставки по отправлению №68271. ответьте на: [EMAIL]; с [DATE]; Ссылка: [URL] .,нужно изменить адрес доставки по отправлению ответьте на с,"['нужно', 'изменить', 'адрес', 'доставки', 'отправлению', 'ответьте']","['нужно', 'изменить', 'адрес', 'доставка', 'отправление', 'ответить']"
145,mobile_app,2026-08-21 21:45:00,💸 Сколько  БУДЕТ  стоить доставка крупной посылки В другой город? списали: 522 руб.   с 22.10.2026   почта: user_9945@mail.ru   тел: +7 (952) 589-15-87,[],['user_9945@mail.ru'],['+7 (952) 589-15-87'],['22.10.2026'],['522 руб.'],Сколько БУДЕТ стоить доставка крупной посылки В другой город? списали: [PRICE] с [DATE] почта: [EMAIL] тел: [PHONE],сколько будет стоить доставка крупной посылки в другой город с,"['сколько', 'стоить', 'доставка', 'крупной', 'посылки', 'город']","['сколько', 'стоить', 'доставка', 'крупный', 'посылка', 'город']"
146,web,2026-08-22 04:26:00,НУЖНО изменить адрес доставки по отправлению №35210. цена: 495 ₽; Дата 18-01-27,[],[],[],['18-01-27'],['495 ₽'],НУЖНО изменить адрес доставки по отправлению №35210. цена: [PRICE]; Дата [DATE],нужно изменить адрес доставки по отправлению,"['нужно', 'изменить', 'адрес', 'доставки', 'отправлению']","['нужно', 'изменить', 'адрес', 'доставка', 'отправление']"
147,mobile_app,2026-09-14 16:15:00,Посылка  вернулась  отправителю  ХОТЯ  Срок ХРАНЕНИЯ ещё не Закончился. смотрите https://delivery-example.ru/item/147 | сумма: 45 990 ₽,['https://delivery-example.ru/item/147'],[],[],[],['45 990 ₽'],Посылка вернулась отправителю ХОТЯ Срок ХРАНЕНИЯ ещё не Закончился. смотрите [URL] сумма: [PRICE],посылка вернулась отправителю хотя срок хранения ещё не закончился,"['посылка', 'вернулась', 'отправителю', 'хотя', 'срок', 'хранения', 'закончился']","['посылка', 'вернуться', 'отправитель', 'хотя', 'срок', 'хранение', 'закончиться']"
148,chat,2026-08-24 08:27:00,НУЖНО  ИЗМЕНИТЬ  адрес  доставки  по отправлению №58000. звонить: +7 900 859 2161; списали: 519 рублей ...,[],[],['+7 900 859 2161'],[],['519 рублей'],НУЖНО ИЗМЕНИТЬ адрес доставки по отправлению №58000. звонить: [PHONE]; списали: [PRICE] .,нужно изменить адрес доставки по отправлению,"['нужно', 'изменить', 'адрес', 'доставки', 'отправлению']","['нужно', 'изменить', 'адрес', 'доставка', 'отправление']"
149,web,2026-09-13 00:19:00,"Курьер привёз чужой заказ, мой пакет у него отсутствует. с 25.10.2026 | ответьте на: ivan.petrov@yandex.ru | телефон: +7 940 194 8823 | СУММА: 90 078 руб.",[],['ivan.petrov@yandex.ru'],['+7 940 194 8823'],['25.10.2026'],['90 078 руб.'],"Курьер привёз чужой заказ, мой пакет у него отсутствует. с [DATE] ответьте на: [EMAIL] телефон: [PHONE] СУММА: [PRICE]",курьер привёз чужой заказ мой пакет у него отсутствует с ответьте на,"['курьер', 'привёз', 'чужой', 'заказ', 'пакет', 'отсутствует', 'ответьте']","['курьер', 'привезти', 'чужой', 'заказ', 'пакет', 'отсутствовать', 'ответить']"
150,email,2026-09-07 19:17:00,Посылка  вернулась  отправителю хотя срок хранения ЕЩЁ не закончился. сумма: 13 035 РУБ. / НУЖНО НА 2026-10-18 / Ссылка: www.courier-now.ru/page/150,['www.courier-now.ru/page/150'],[],[],['2026-10-18'],['13 035 РУБ.'],Посылка вернулась отправителю хотя срок хранения ЕЩЁ не закончился. сумма: [PRICE] НУЖНО НА [DATE] Ссылка: [URL],посылка вернулась отправителю хотя срок хранения ещё не закончился,"['посылка', 'вернулась', 'отправителю', 'хотя', 'срок', 'хранения', 'закончился']","['посылка', 'вернуться', 'отправитель', 'хотя', 'срок', 'хранение', 'закончиться']"
151,mobile_app,2026-08-20 12:56:00,"😡 КОРОБКА приехала помятая, внутри товар повреждён. дата 03.11.2026 | сумма: 124506 RUB | мой номер: +7 933 380 6392",[],[],['+7 933 380 6392'],['03.11.2026'],['124506 RUB'],"КОРОБКА приехала помятая, внутри товар повреждён. дата [DATE] сумма: [PRICE] мой номер: [PHONE]",коробка приехала помятая внутри товар повреждён,"['коробка', 'приехала', 'помятая', 'внутри', 'товар', 'повреждён']","['коробка', 'приехать', 'помятый', 'внутри', 'товар', 'повредить']"
152,social,2026-09-10 20:19:00,Почему доставка стала платной? при Оформлении была БЕСПЛАТНАЯ. звонить: +7 947 847 2393,[],[],['+7 947 847 2393'],[],[],Почему доставка стала платной? при Оформлении была БЕСПЛАТНАЯ. звонить: [PHONE],почему доставка стала платной при оформлении была бесплатная,"['почему', 'доставка', 'стала', 'платной', 'оформлении', 'бесплатная']","['почему', 'доставка', 'стать', 'платный', 'оформление', 'бесплатный']"
153,web,2026-09-11 04:45:00,Не  получается найти отправление по трек номеру. Ссылка: www.delivery-example.ru/page/153 / цена: 1355р / телефон: +7 (955) 170-48-80 / с 27.01.2027,['www.delivery-example.ru/page/153'],[],['+7 (955) 170-48-80'],['27.01.2027'],[],Не получается найти отправление по трек номеру. Ссылка: [URL] цена: 1355р телефон: [PHONE] с [DATE],не получается найти отправление по трек номеру 1355р с,"['получается', 'найти', 'отправление', 'трек', 'номеру', '1355р']","['получаться', 'найти', 'отправление', 'трек', 'номер', '1355р']"
154,email,2026-09-06 21:21:00,⚠️ НЕ  получается  найти отправление ПО трек НОМЕРУ. нужно НА 15.06.2026   звонить: +7 (947) 346-26-41 ###,[],[],['+7 (947) 346-26-41'],['15.06.2026'],[],⚠ НЕ получается найти отправление ПО трек НОМЕРУ. нужно НА [DATE] звонить: [PHONE],не получается найти отправление по трек номеру,"['получается', 'найти', 'отправление', 'трек', 'номеру']","['получаться', 'найти', 'отправление', 'трек', 'номер']"
155,web,2026-09-06 10:47:00,"😡 ПОСЫЛКА зависла на сортировке, СТАТУС не меняется пять дней. ЗВОНИТЬ: +7 (952) 672-77-51",[],[],['+7 (952) 672-77-51'],[],[],"ПОСЫЛКА зависла на сортировке, СТАТУС не меняется пять дней. ЗВОНИТЬ: [PHONE]",посылка зависла на сортировке статус не меняется пять дней,"['посылка', 'зависла', 'сортировке', 'статус', 'меняется', 'пять', 'дней']","['посылка', 'зависнуть', 'сортировка', 'статус', 'меняться', 'пять', 'день']"
156,email,2026-08-26 18:45:00,Сколько будет СТОИТЬ доставка крупной ПОСЫЛКИ в другой город? e-mail: student2026@logi-mail.ru / списали: 199906 RUB / телефон: 8 932 943 86 78,[],['student2026@logi-mail.ru'],['8 932 943 86 78'],[],['199906 RUB'],Сколько будет СТОИТЬ доставка крупной ПОСЫЛКИ в другой город? e-mail: [EMAIL] списали: [PRICE] телефон: [PHONE],сколько будет стоить доставка крупной посылки в другой город,"['сколько', 'стоить', 'доставка', 'крупной', 'посылки', 'город']","['сколько', 'стоить', 'доставка', 'крупный', 'посылка', 'город']"
157,social,2026-08-20 04:45:00,"📌 Коробка приехала помятая, Внутри товар повреждён. звонить: +7 998 663 3485",[],[],['+7 998 663 3485'],[],[],"Коробка приехала помятая, Внутри товар повреждён. звонить: [PHONE]",коробка приехала помятая внутри товар повреждён,"['коробка', 'приехала', 'помятая', 'внутри', 'товар', 'повреждён']","['коробка', 'приехать', 'помятый', 'внутри', 'товар', 'повредить']"
158,web,2026-09-05 17:41:00,🙂 Посылка вернулась отправителю ХОТЯ Срок ХРАНЕНИЯ ещё не закончился. цена: 46 080 рублей | e-mail: m.smirnova@gmail.com,[],['m.smirnova@gmail.com'],[],[],['46 080 рублей'],Посылка вернулась отправителю ХОТЯ Срок ХРАНЕНИЯ ещё не закончился. цена: [PRICE] e-mail: [EMAIL],посылка вернулась отправителю хотя срок хранения ещё не закончился,"['посылка', 'вернулась', 'отправителю', 'хотя', 'срок', 'хранения', 'закончился']","['посылка', 'вернуться', 'отправитель', 'хотя', 'срок', 'хранение', 'закончиться']"
159,chat,2026-09-06 19:51:00,Почему ДОСТАВКА СТАЛА платной???? при ОФОРМЛЕНИИ была бесплатная. ТЕЛЕФОН: 8 987 755 15 72; списали: 2 543 руб. !!!,[],[],['8 987 755 15 72'],[],['2 543 руб.'],Почему ДОСТАВКА СТАЛА платной? при ОФОРМЛЕНИИ была бесплатная. ТЕЛЕФОН: [PHONE]; списали: [PRICE] !,почему доставка стала платной при оформлении была бесплатная,"['почему', 'доставка', 'стала', 'платной', 'оформлении', 'бесплатная']","['почему', 'доставка', 'стать', 'платный', 'оформление', 'бесплатный']"
160,chat,2026-09-05 12:27:00,Посылка  вернулась  ОТПРАВИТЕЛЮ  ХОТЯ  срок хранения ещё не закончился. цена: 2 539 ₽   с 05/02/2027,[],[],[],['05/02/2027'],['2 539 ₽'],Посылка вернулась ОТПРАВИТЕЛЮ ХОТЯ срок хранения ещё не закончился. цена: [PRICE] с [DATE],посылка вернулась отправителю хотя срок хранения ещё не закончился с,"['посылка', 'вернулась', 'отправителю', 'хотя', 'срок', 'хранения', 'закончился']","['посылка', 'вернуться', 'отправитель', 'хотя', 'срок', 'хранение', 'закончиться']"
161,chat,2026-08-23 23:43:00,Посылка  ВЕРНУЛАСЬ  отправителю  хотя  срок хранения ещё не закончился. ответьте на: student2026@logi-mail.ru; Ссылка: www.courier-now.ru/page/161; оформлено 11-11-26 ###,['www.courier-now.ru/page/161'],['student2026@logi-mail.ru'],[],['11-11-26'],[],Посылка ВЕРНУЛАСЬ отправителю хотя срок хранения ещё не закончился. ответьте на: [EMAIL]; Ссылка: [URL]; оформлено [DATE],посылка вернулась отправителю хотя срок хранения ещё не закончился ответьте на,"['посылка', 'вернулась', 'отправителю', 'хотя', 'срок', 'хранения', 'закончился', 'ответьте']","['посылка', 'вернуться', 'отправитель', 'хотя', 'срок', 'хранение', 'закончиться', 'ответить']"
162,web,2026-08-20 21:15:00,"Курьер  Привёз  чужой  заказ,  мой пакет у него отсутствует. смотрите http://courier-now.ru/order?id=1162 | ответьте НА: IVAN.PETROV@YANDEX.RU | СТОИМОСТЬ: 90070 RUB | телефон: 89108939993 | нужно на 2026-05-21 ???",['http://courier-now.ru/order?id=1162'],['IVAN.PETROV@YANDEX.RU'],['89108939993'],['2026-05-21'],['90070 RUB'],"Курьер Привёз чужой заказ, мой пакет у него отсутствует. смотрите [URL] ответьте НА: [EMAIL] СТОИМОСТЬ: [PRICE] телефон: [PHONE] нужно на [DATE] ?",курьер привёз чужой заказ мой пакет у него отсутствует ответьте на,"['курьер', 'привёз', 'чужой', 'заказ', 'пакет', 'отсутствует', 'ответьте']","['курьер', 'привезти', 'чужой', 'заказ', 'пакет', 'отсутствовать', 'ответить']"
163,mobile_app,2026-08-26 12:55:00,"Курьер  привёз  чужой заказ, МОЙ пакет у него отсутствует. тел: 8 936 963 33 99; e-mail: m.smirnova@yandex.ru",[],['m.smirnova@yandex.ru'],['8 936 963 33 99'],[],[],"Курьер привёз чужой заказ, МОЙ пакет у него отсутствует. тел: [PHONE]; e-mail: [EMAIL]",курьер привёз чужой заказ мой пакет у него отсутствует,"['курьер', 'привёз', 'чужой', 'заказ', 'пакет', 'отсутствует']","['курьер', 'привезти', 'чужой', 'заказ', 'пакет', 'отсутствовать']"
164,email,2026-09-09 16:59:00,"Хочу перенести ДОСТАВКУ на другой день, сегодня принять НЕ смогу. смотрите http://courier-now.ru/order?id=1164; нужно на 2027-01-15",['http://courier-now.ru/order?id=1164'],[],[],['2027-01-15'],[],"Хочу перенести ДОСТАВКУ на другой день, сегодня принять НЕ смогу. смотрите [URL]; нужно на [DATE]",хочу перенести доставку на другой день сегодня принять не смогу,"['хочу', 'перенести', 'доставку', 'день', 'сегодня', 'принять', 'смогу']","['хотеть', 'перенести', 'доставка', 'день', 'сегодня', 'принять', 'смочь']"
165,mobile_app,2026-09-16 02:57:00,Сколько будет стоить доставка крупной посылки в другой город? URL= http://delivery-example.ru/order?id=1165; оформлено 11.12.2026; ТЕЛ: +7-978-398-64-99 ***,['http://delivery-example.ru/order?id=1165'],[],['+7-978-398-64-99'],['11.12.2026'],[],Сколько будет стоить доставка крупной посылки в другой город? URL= [URL]; оформлено [DATE]; ТЕЛ: [PHONE],сколько будет стоить доставка крупной посылки в другой город,"['сколько', 'стоить', 'доставка', 'крупной', 'посылки', 'город']","['сколько', 'стоить', 'доставка', 'крупный', 'посылка', 'город']"
166,mobile_app,2026-08-24 19:28:00,"📌 Курьер  ПРИВЁЗ чужой заказ, мой пакет у него отсутствует. дата 14/12/2026 | мой номер: 8 913 789 23 47",[],[],['8 913 789 23 47'],['14/12/2026'],[],"Курьер ПРИВЁЗ чужой заказ, мой пакет у него отсутствует. дата [DATE] мой номер: [PHONE]",курьер привёз чужой заказ мой пакет у него отсутствует,"['курьер', 'привёз', 'чужой', 'заказ', 'пакет', 'отсутствует']","['курьер', 'привезти', 'чужой', 'заказ', 'пакет', 'отсутствовать']"
167,mobile_app,2026-08-22 19:04:00,😡 Сколько будет Стоить доставка крупной посылки в другой город? Почта: ivan.petrov@logi-mail.ru   Ссылка: http://delivery-example.ru/order?id=1167   цена: 2 572 ₽,['http://delivery-example.ru/order?id=1167'],['ivan.petrov@logi-mail.ru'],[],[],['2 572 ₽'],Сколько будет Стоить доставка крупной посылки в другой город? Почта: [EMAIL] Ссылка: [URL] цена: [PRICE],сколько будет стоить доставка крупной посылки в другой город,"['сколько', 'стоить', 'доставка', 'крупной', 'посылки', 'город']","['сколько', 'стоить', 'доставка', 'крупный', 'посылка', 'город']"
168,web,2026-08-27 10:11:00,⚠️ Почему  доставка  стала  платной???? при оформлении была бесплатная. тел: +7-990-624-70-38 | с 01-09-26 | Ссылка: www.track-fast.ru/page/168 | сумма: 45 997 руб.,['www.track-fast.ru/page/168'],[],['+7-990-624-70-38'],['01-09-26'],['45 997 руб.'],⚠ Почему доставка стала платной? при оформлении была бесплатная. тел: [PHONE] с [DATE] Ссылка: [URL] сумма: [PRICE],почему доставка стала платной при оформлении была бесплатная с,"['почему', 'доставка', 'стала', 'платной', 'оформлении', 'бесплатная']","['почему', 'доставка', 'стать', 'платный', 'оформление', 'бесплатный']"
169,mobile_app,2026-08-23 09:18:00,"Хочу перенести доставку на другой день, сегодня принять не смогу. Ссылка: http://courier-now.ru/order?id=1169   сумма: 13017 RUB ***",['http://courier-now.ru/order?id=1169'],[],[],[],['13017 RUB'],"Хочу перенести доставку на другой день, сегодня принять не смогу. Ссылка: [URL] сумма: [PRICE]",хочу перенести доставку на другой день сегодня принять не смогу,"['хочу', 'перенести', 'доставку', 'день', 'сегодня', 'принять', 'смогу']","['хотеть', 'перенести', 'доставка', 'день', 'сегодня', 'принять', 'смочь']"
170,email,2026-08-29 00:49:00,Курьер не позвонил И отметил что меня НЕ было дома. звонить: +7 955 986 3273; с 2026-11-09; вот страница www.courier-now.ru/page/170,['www.courier-now.ru/page/170'],[],['+7 955 986 3273'],['2026-11-09'],[],Курьер не позвонил И отметил что меня НЕ было дома. звонить: [PHONE]; с [DATE]; вот страница [URL],курьер не позвонил и отметил что меня не было дома с вот,"['курьер', 'позвонил', 'отметил', 'дома']","['курьер', 'позвонить', 'отметить', 'дом']"
171,social,2026-09-06 16:47:00,Не получается найти Отправление по трек НОМЕРУ. URL= https://courier-now.ru/item/171; e-mail: help.me@yandex.ru; списали: 6048 Rub ...,['https://courier-now.ru/item/171'],['help.me@yandex.ru'],[],[],['6048 Rub'],Не получается найти Отправление по трек НОМЕРУ. URL= [URL]; e-mail: [EMAIL]; списали: [PRICE] .,не получается найти отправление по трек номеру,"['получается', 'найти', 'отправление', 'трек', 'номеру']","['получаться', 'найти', 'отправление', 'трек', 'номер']"
172,chat,2026-09-02 10:46:00,⚠️ Курьер  не  позвонил  и отметил что меня не было дома. нужно на 2026-09-06   цена: 6 034 РУБ.,[],[],[],['2026-09-06'],['6 034 РУБ.'],⚠ Курьер не позвонил и отметил что меня не было дома. нужно на [DATE] цена: [PRICE],курьер не позвонил и отметил что меня не было дома,"['курьер', 'позвонил', 'отметил', 'дома']","['курьер', 'позвонить', 'отметить', 'дом']"
173,social,2026-09-14 05:35:00,Нужно изменить адрес доставки по отправлению №33378. цена: 199 937 ₽ / звонить: 8 923 942 39 85 / Url= https://courier-now.ru/item/173,['https://courier-now.ru/item/173'],[],['8 923 942 39 85'],[],['199 937 ₽'],Нужно изменить адрес доставки по отправлению №33378. цена: [PRICE] звонить: [PHONE] Url= [URL],нужно изменить адрес доставки по отправлению,"['нужно', 'изменить', 'адрес', 'доставки', 'отправлению']","['нужно', 'изменить', 'адрес', 'доставка', 'отправление']"
174,mobile_app,2026-08-23 13:36:00,"Хочу перенести доставку на другой день, сегодня принять не смогу. ЗВОНИТЬ: 8 942 890 34 23; URL= https://track-fast.ru/item/174; с 06/02/2027 ...",['https://track-fast.ru/item/174'],[],['8 942 890 34 23'],['06/02/2027'],[],"Хочу перенести доставку на другой день, сегодня принять не смогу. ЗВОНИТЬ: [PHONE]; URL= [URL]; с [DATE] .",хочу перенести доставку на другой день сегодня принять не смогу с,"['хочу', 'перенести', 'доставку', 'день', 'сегодня', 'принять', 'смогу']","['хотеть', 'перенести', 'доставка', 'день', 'сегодня', 'принять', 'смочь']"
175,web,2026-09-07 01:59:00,Почему доставка стала платной?? при оформлении была бесплатная. с 2026-03-25 / email: ivan.petrov@mail.ru / списали: 13 055 руб.,[],['ivan.petrov@mail.ru'],[],['2026-03-25'],['13 055 руб.'],Почему доставка стала платной? при оформлении была бесплатная. с [DATE] email: [EMAIL] списали: [PRICE],почему доставка стала платной при оформлении была бесплатная с,"['почему', 'доставка', 'стала', 'платной', 'оформлении', 'бесплатная']","['почему', 'доставка', 'стать', 'платный', 'оформление', 'бесплатный']"
176,chat,2026-08-25 19:00:00,Посылка вернулась отправителю хотя срок хранения ещё не закончился. вот страница www.track-fast.ru/page/176; стоимость: 124528Р; ответьте на: help.me@mail.ru,['www.track-fast.ru/page/176'],['help.me@mail.ru'],[],[],[],Посылка вернулась отправителю хотя срок хранения ещё не закончился. вот страница [URL]; стоимость: 124528Р; ответьте на: [EMAIL],посылка вернулась отправителю хотя срок хранения ещё не закончился вот 124528р ответьте на,"['посылка', 'вернулась', 'отправителю', 'хотя', 'срок', 'хранения', 'закончился', '124528р', 'ответьте']","['посылка', 'вернуться', 'отправитель', 'хотя', 'срок', 'хранение', 'закончиться', '124528р', 'ответить']"
177,web,2026-08-24 15:22:00,Сколько будет стоить доставка крупной посылки в другой город? тел: +7 927 777 9713; сумма: 2 526 руб.,[],[],['+7 927 777 9713'],[],['2 526 руб.'],Сколько будет стоить доставка крупной посылки в другой город? тел: [PHONE]; сумма: [PRICE],сколько будет стоить доставка крупной посылки в другой город,"['сколько', 'стоить', 'доставка', 'крупной', 'посылки', 'город']","['сколько', 'стоить', 'доставка', 'крупный', 'посылка', 'город']"
178,social,2026-09-14 12:28:00,Почему  доставка  стала платной? при оформлении была бесплатная. оформлено 08.07.2026 / смотрите Https://track-fast.ru/item/178 / тел: +7 969 627 7270,['Https://track-fast.ru/item/178'],[],['+7 969 627 7270'],['08.07.2026'],[],Почему доставка стала платной? при оформлении была бесплатная. оформлено [DATE] смотрите [URL] тел: [PHONE],почему доставка стала платной при оформлении была бесплатная,"['почему', 'доставка', 'стала', 'платной', 'оформлении', 'бесплатная']","['почему', 'доставка', 'стать', 'платный', 'оформление', 'бесплатный']"
179,web,2026-09-13 09:58:00,Посылка  вернулась  отправителю ХОТЯ срок хранения ещё не закончился. мой Номер: +7 930 740 1213; нужно на 2026-08-12; вот страница https://courier-now.ru/item/179,['https://courier-now.ru/item/179'],[],['+7 930 740 1213'],['2026-08-12'],[],Посылка вернулась отправителю ХОТЯ срок хранения ещё не закончился. мой Номер: [PHONE]; нужно на [DATE]; вот страница [URL],посылка вернулась отправителю хотя срок хранения ещё не закончился вот,"['посылка', 'вернулась', 'отправителю', 'хотя', 'срок', 'хранения', 'закончился']","['посылка', 'вернуться', 'отправитель', 'хотя', 'срок', 'хранение', 'закончиться']"
180,email,2026-08-30 14:19:00,Посылка ВЕРНУЛАСЬ отправителю хотя срок хранения ещё не закончился. сумма: 883 RUB,[],[],[],[],['883 RUB'],Посылка ВЕРНУЛАСЬ отправителю хотя срок хранения ещё не закончился. сумма: [PRICE],посылка вернулась отправителю хотя срок хранения ещё не закончился,"['посылка', 'вернулась', 'отправителю', 'хотя', 'срок', 'хранения', 'закончился']","['посылка', 'вернуться', 'отправитель', 'хотя', 'срок', 'хранение', 'закончиться']"
181,email,2026-09-07 06:04:00,Нужно изменить адрес доставки По отправлению №10335. звонить: 89741161876   email: user_1520@mail.ru   списали: 1309 RUB   с 2026-08-08,[],['user_1520@mail.ru'],['89741161876'],['2026-08-08'],['1309 RUB'],Нужно изменить адрес доставки По отправлению №10335. звонить: [PHONE] email: [EMAIL] списали: [PRICE] с [DATE],нужно изменить адрес доставки по отправлению с,"['нужно', 'изменить', 'адрес', 'доставки', 'отправлению']","['нужно', 'изменить', 'адрес', 'доставка', 'отправление']"
182,chat,2026-09-09 06:13:00,💸 Не получается найти отправление по трек номеру. оформлено 06/05/2026; email: ivan.petrov@mail.ru,[],['ivan.petrov@mail.ru'],[],['06/05/2026'],[],Не получается найти отправление по трек номеру. оформлено [DATE]; email: [EMAIL],не получается найти отправление по трек номеру,"['получается', 'найти', 'отправление', 'трек', 'номеру']","['получаться', 'найти', 'отправление', 'трек', 'номер']"
183,mobile_app,2026-08-30 12:39:00,📌 Посылка  вернулась  отправителю  ХОТЯ срок хранения ещё не закончился. смотрите http://track-fast.ru/order?id=1183 / мой номер: +7 (965) 832-90-14 / с 22-04-26 !!!,['http://track-fast.ru/order?id=1183'],[],['+7 (965) 832-90-14'],['22-04-26'],[],Посылка вернулась отправителю ХОТЯ срок хранения ещё не закончился. смотрите [URL] мой номер: [PHONE] с [DATE] !,посылка вернулась отправителю хотя срок хранения ещё не закончился с,"['посылка', 'вернулась', 'отправителю', 'хотя', 'срок', 'хранения', 'закончился']","['посылка', 'вернуться', 'отправитель', 'хотя', 'срок', 'хранение', 'закончиться']"
184,mobile_app,2026-09-15 01:00:00,Не ПОЛУЧАЕТСЯ найти ОТПРАВЛЕНИЕ по трек номеру. нужно на 04/11/2026,[],[],[],['04/11/2026'],[],Не ПОЛУЧАЕТСЯ найти ОТПРАВЛЕНИЕ по трек номеру. нужно на [DATE],не получается найти отправление по трек номеру,"['получается', 'найти', 'отправление', 'трек', 'номеру']","['получаться', 'найти', 'отправление', 'трек', 'номер']"
185,web,2026-09-03 17:03:00,Не  получается  найти  отправление  По трек НОМЕРУ. цена: 1 297 рублей,[],[],[],[],['1 297 рублей'],Не получается найти отправление По трек НОМЕРУ. цена: [PRICE],не получается найти отправление по трек номеру,"['получается', 'найти', 'отправление', 'трек', 'номеру']","['получаться', 'найти', 'отправление', 'трек', 'номер']"
186,social,2026-09-15 01:31:00,"ХОЧУ  ПЕРЕНЕСТИ  доставку НА другой день, сегодня принять не смогу. email: m.smirnova@gmail.com; цена: 523 ₽; вот страница www.track-fast.ru/page/186; телефон: +7 (971) 276-47-38 ???",['www.track-fast.ru/page/186'],['m.smirnova@gmail.com'],['+7 (971) 276-47-38'],[],['523 ₽'],"ХОЧУ ПЕРЕНЕСТИ доставку НА другой день, сегодня принять не смогу. email: [EMAIL]; цена: [PRICE]; вот страница [URL]; телефон: [PHONE] ?",хочу перенести доставку на другой день сегодня принять не смогу вот,"['хочу', 'перенести', 'доставку', 'день', 'сегодня', 'принять', 'смогу']","['хотеть', 'перенести', 'доставка', 'день', 'сегодня', 'принять', 'смочь']"
187,email,2026-09-14 09:59:00,"Посылка зависла На сортировке, статус не Меняется пять дней. ДАТА 18/11/2026 | мой номер: 89281003766 | списали: 90024 RUB | ответьте на: user_4375@mail.ru",[],['user_4375@mail.ru'],['89281003766'],['18/11/2026'],['90024 RUB'],"Посылка зависла На сортировке, статус не Меняется пять дней. ДАТА [DATE] мой номер: [PHONE] списали: [PRICE] ответьте на: [EMAIL]",посылка зависла на сортировке статус не меняется пять дней ответьте на,"['посылка', 'зависла', 'сортировке', 'статус', 'меняется', 'пять', 'дней', 'ответьте']","['посылка', 'зависнуть', 'сортировка', 'статус', 'меняться', 'пять', 'день', 'ответить']"
188,email,2026-08-25 11:46:00,"Курьер привёз чужой заказ, мой пакет у него отсутствует. оформлено 28/03/2026; Ссылка: http://track-fast.ru/order????id=1188; ответьте на: user_5438@logi-mail.ru",['http://track-fast.ru/order????id=1188'],['user_5438@logi-mail.ru'],[],['28/03/2026'],[],"Курьер привёз чужой заказ, мой пакет у него отсутствует. оформлено [DATE]; Ссылка: [URL]; ответьте на: [EMAIL]",курьер привёз чужой заказ мой пакет у него отсутствует ответьте на,"['курьер', 'привёз', 'чужой', 'заказ', 'пакет', 'отсутствует', 'ответьте']","['курьер', 'привезти', 'чужой', 'заказ', 'пакет', 'отсутствовать', 'ответить']"
189,web,2026-08-20 08:44:00,"💸 Курьер привёз чужой заказ, мой пакет у него Отсутствует. стоимость: 525 ₽   мой номер: 89912395474   с 2026-11-12   Ссылка: https://courier-now.ru/item/189",['https://courier-now.ru/item/189'],[],['89912395474'],['2026-11-12'],['525 ₽'],"Курьер привёз чужой заказ, мой пакет у него Отсутствует. стоимость: [PRICE] мой номер: [PHONE] с [DATE] Ссылка: [URL]",курьер привёз чужой заказ мой пакет у него отсутствует с,"['курьер', 'привёз', 'чужой', 'заказ', 'пакет', 'отсутствует']","['курьер', 'привезти', 'чужой', 'заказ', 'пакет', 'отсутствовать']"
190,mobile_app,2026-09-15 05:17:00,Сколько будет стоить доставка крупной посылки в другой город? телефон: +7 948 732 2649; e-mail: HELP.ME@MAIL.RU; оформлено 21.07.2026; списали: 6 076 ₽ !!!,[],['HELP.ME@MAIL.RU'],['+7 948 732 2649'],['21.07.2026'],['6 076 ₽'],Сколько будет стоить доставка крупной посылки в другой город? телефон: [PHONE]; e-mail: [EMAIL]; оформлено [DATE]; списали: [PRICE] !,сколько будет стоить доставка крупной посылки в другой город,"['сколько', 'стоить', 'доставка', 'крупной', 'посылки', 'город']","['сколько', 'стоить', 'доставка', 'крупный', 'посылка', 'город']"
191,email,2026-09-13 09:02:00,Курьер  не позвонил и отметил что меня не было дома. сумма: 540 руб.; e-mail: student2026@logi-mail.ru; тел: +7 984 400 4669; дата 08-04-26,[],['student2026@logi-mail.ru'],['+7 984 400 4669'],['08-04-26'],['540 руб.'],Курьер не позвонил и отметил что меня не было дома. сумма: [PRICE]; e-mail: [EMAIL]; тел: [PHONE]; дата [DATE],курьер не позвонил и отметил что меня не было дома,"['курьер', 'позвонил', 'отметил', 'дома']","['курьер', 'позвонить', 'отметить', 'дом']"
192,web,2026-09-15 00:11:00,Посылка вернулась Отправителю хотя срок хранения ещё не закончился. цена: 13 073 рублей; e-mail: User_471@gmail.com; МОЙ номер: +7 (911) 120-43-57,[],['User_471@gmail.com'],['+7 (911) 120-43-57'],[],['13 073 рублей'],Посылка вернулась Отправителю хотя срок хранения ещё не закончился. цена: [PRICE]; e-mail: [EMAIL]; МОЙ номер: [PHONE],посылка вернулась отправителю хотя срок хранения ещё не закончился,"['посылка', 'вернулась', 'отправителю', 'хотя', 'срок', 'хранения', 'закончился']","['посылка', 'вернуться', 'отправитель', 'хотя', 'срок', 'хранение', 'закончиться']"
193,chat,2026-09-04 09:45:00,📌 Нужно  изменить  адрес доставки по отправлению №69823. цена: 199 906 ₽   мой номер: +7 (954) 551-22-64   ответьте на: help.me@yandex.ru   Ссылка: https://www.delivery-example.ru/support/193?from=mail,['https://www.delivery-example.ru/support/193?from=mail'],['help.me@yandex.ru'],['+7 (954) 551-22-64'],[],['199 906 ₽'],Нужно изменить адрес доставки по отправлению №69823. цена: [PRICE] мой номер: [PHONE] ответьте на: [EMAIL] Ссылка: [URL],нужно изменить адрес доставки по отправлению ответьте на,"['нужно', 'изменить', 'адрес', 'доставки', 'отправлению', 'ответьте']","['нужно', 'изменить', 'адрес', 'доставка', 'отправление', 'ответить']"
194,web,2026-09-02 07:03:00,"Коробка Приехала помятая, внутри товар повреждён. ответьте НА: ivan.petrov@yandex.ru   URL= Https://www.track-fast.ru/support/194?from=mail   цена: 13 002 руб.",['Https://www.track-fast.ru/support/194?from=mail'],['ivan.petrov@yandex.ru'],[],[],['13 002 руб.'],"Коробка Приехала помятая, внутри товар повреждён. ответьте НА: [EMAIL] URL= [URL] цена: [PRICE]",коробка приехала помятая внутри товар повреждён ответьте на,"['коробка', 'приехала', 'помятая', 'внутри', 'товар', 'повреждён', 'ответьте']","['коробка', 'приехать', 'помятый', 'внутри', 'товар', 'повредить', 'ответить']"
195,social,2026-09-09 22:50:00,🔥 Посылка  ВЕРНУЛАСЬ  отправителю  хотя  срок хранения ещё не закончился. дата 09.10.2026   URL= HTTP://TRACK-FAST.RU/ORDER?ID=1195,['HTTP://TRACK-FAST.RU/ORDER?ID=1195'],[],[],['09.10.2026'],[],Посылка ВЕРНУЛАСЬ отправителю хотя срок хранения ещё не закончился. дата [DATE] URL= [URL],посылка вернулась отправителю хотя срок хранения ещё не закончился,"['посылка', 'вернулась', 'отправителю', 'хотя', 'срок', 'хранения', 'закончился']","['посылка', 'вернуться', 'отправитель', 'хотя', 'срок', 'хранение', 'закончиться']"
196,email,2026-09-04 01:37:00,Почему доставка стала платной? при оформлении была бесплатная. стоимость: 2 585 ₽; Дата 24.08.2026; email: student2026@logi-mail.ru ???,[],['student2026@logi-mail.ru'],[],['24.08.2026'],['2 585 ₽'],Почему доставка стала платной? при оформлении была бесплатная. стоимость: [PRICE]; Дата [DATE]; email: [EMAIL] ?,почему доставка стала платной при оформлении была бесплатная,"['почему', 'доставка', 'стала', 'платной', 'оформлении', 'бесплатная']","['почему', 'доставка', 'стать', 'платный', 'оформление', 'бесплатный']"
197,chat,2026-09-04 18:11:00,"Хочу  перенести  доставку  на  другой день, сегодня принять не СМОГУ. звонить: +7 (917) 377-72-41",[],[],['+7 (917) 377-72-41'],[],[],"Хочу перенести доставку на другой день, сегодня принять не СМОГУ. звонить: [PHONE]",хочу перенести доставку на другой день сегодня принять не смогу,"['хочу', 'перенести', 'доставку', 'день', 'сегодня', 'принять', 'смогу']","['хотеть', 'перенести', 'доставка', 'день', 'сегодня', 'принять', 'смочь']"
198,chat,2026-09-09 14:16:00,Посылка  вернулась  отправителю хотя срок хранения ещё не закончился. сумма: 46006р   оформлено 2026-10-13,[],[],[],['2026-10-13'],[],Посылка вернулась отправителю хотя срок хранения ещё не закончился. сумма: 46006р оформлено [DATE],посылка вернулась отправителю хотя срок хранения ещё не закончился 46006р,"['посылка', 'вернулась', 'отправителю', 'хотя', 'срок', 'хранения', 'закончился', '46006р']","['посылка', 'вернуться', 'отправитель', 'хотя', 'срок', 'хранение', 'закончиться', '46006р']"
199,social,2026-08-30 03:14:00,Курьер НЕ позвонил и отметил что меня не было дома. стоимость: 577р; ТЕЛ: +7 (942) 202-81-57,[],[],['+7 (942) 202-81-57'],[],[],Курьер НЕ позвонил и отметил что меня не было дома. стоимость: 577р; ТЕЛ: [PHONE],курьер не позвонил и отметил что меня не было дома 577р,"['курьер', 'позвонил', 'отметил', 'дома', '577р']","['курьер', 'позвонить', 'отметить', 'дом', '577р']"
200,email,2026-09-02 23:47:00,⚠️ Сколько будет Стоить ДОСТАВКА крупной посылки В другой город? мой номер: +7 933 906 1580; почта: ivan.petrov@gmail.com; СУММА: 2521р,[],['ivan.petrov@gmail.com'],['+7 933 906 1580'],[],[],⚠ Сколько будет Стоить ДОСТАВКА крупной посылки В другой город? мой номер: [PHONE]; почта: [EMAIL]; СУММА: 2521р,сколько будет стоить доставка крупной посылки в другой город 2521р,"['сколько', 'стоить', 'доставка', 'крупной', 'посылки', 'город', '2521р']","['сколько', 'стоить', 'доставка', 'крупный', 'посылка', 'город', '2521р']"
201,social,2026-09-09 16:01:00,"Коробка  приехала помятая, ВНУТРИ товар повреждён. с 2026-05-21   списали: 90064р   мой номер: 89128319659 ***",[],[],['89128319659'],['2026-05-21'],[],"Коробка приехала помятая, ВНУТРИ товар повреждён. с [DATE] списали: 90064р мой номер: [PHONE]",коробка приехала помятая внутри товар повреждён с 90064р,"['коробка', 'приехала', 'помятая', 'внутри', 'товар', 'повреждён', '90064р']","['коробка', 'приехать', 'помятый', 'внутри', 'товар', 'повредить', '90064р']"
202,social,2026-09-04 14:52:00,"Коробка приехала ПОМЯТАЯ, внутри товар повреждён. вот страница http://track-fast.ru/order?id=1202   цена: 46066р   оформлено 13.09.2026",['http://track-fast.ru/order?id=1202'],[],[],['13.09.2026'],[],"Коробка приехала ПОМЯТАЯ, внутри товар повреждён. вот страница [URL] цена: 46066р оформлено [DATE]",коробка приехала помятая внутри товар повреждён вот 46066р,"['коробка', 'приехала', 'помятая', 'внутри', 'товар', 'повреждён', '46066р']","['коробка', 'приехать', 'помятый', 'внутри', 'товар', 'повредить', '46066р']"
203,mobile_app,2026-08-21 19:52:00,"🙂 Коробка приехала помятая, внутри товар повреждён. вот страница https://www.track-fast.ru/support/203????from=mail   ЗВОНИТЬ: 8 903 252 86 65   сумма: 90044 RUB   НУЖНО на 07/12/2026",['https://www.track-fast.ru/support/203????from=mail'],[],['8 903 252 86 65'],['07/12/2026'],['90044 RUB'],"Коробка приехала помятая, внутри товар повреждён. вот страница [URL] ЗВОНИТЬ: [PHONE] сумма: [PRICE] НУЖНО на [DATE]",коробка приехала помятая внутри товар повреждён вот,"['коробка', 'приехала', 'помятая', 'внутри', 'товар', 'повреждён']","['коробка', 'приехать', 'помятый', 'внутри', 'товар', 'повредить']"
204,mobile_app,2026-08-25 01:34:00,"Посылка зависла на сортировке, статус НЕ меняется пять дней. вот страница www.delivery-example.ru/page/204; списали: 46030р; e-mail: HELP.ME@YANDEX.RU; ЗВОНИТЬ: +7 990 706 3148 ###",['www.delivery-example.ru/page/204'],['HELP.ME@YANDEX.RU'],['+7 990 706 3148'],[],[],"Посылка зависла на сортировке, статус НЕ меняется пять дней. вот страница [URL]; списали: 46030р; e-mail: [EMAIL]; ЗВОНИТЬ: [PHONE]",посылка зависла на сортировке статус не меняется пять дней вот 46030р,"['посылка', 'зависла', 'сортировке', 'статус', 'меняется', 'пять', 'дней', '46030р']","['посылка', 'зависнуть', 'сортировка', 'статус', 'меняться', 'пять', 'день', '46030р']"
205,mobile_app,2026-08-22 07:02:00,📌 Почему  доставка  стала платной? при оформлении была БЕСПЛАТНАЯ. тел: +7-963-736-86-56; сумма: 1321р; URL= https://courier-now.ru/item/205; оформлено 09.04.2026,['https://courier-now.ru/item/205'],[],['+7-963-736-86-56'],['09.04.2026'],[],Почему доставка стала платной? при оформлении была БЕСПЛАТНАЯ. тел: [PHONE]; сумма: 1321р; URL= [URL]; оформлено [DATE],почему доставка стала платной при оформлении была бесплатная 1321р,"['почему', 'доставка', 'стала', 'платной', 'оформлении', 'бесплатная', '1321р']","['почему', 'доставка', 'стать', 'платный', 'оформление', 'бесплатный', '1321р']"
206,mobile_app,2026-09-05 11:25:00,📌 Почему  доставка стала платной?? При оформлении была бесплатная. смотрите https://www.courier-now.ru/support/206?from=mail,['https://www.courier-now.ru/support/206?from=mail'],[],[],[],[],Почему доставка стала платной? При оформлении была бесплатная. смотрите [URL],почему доставка стала платной при оформлении была бесплатная,"['почему', 'доставка', 'стала', 'платной', 'оформлении', 'бесплатная']","['почему', 'доставка', 'стать', 'платный', 'оформление', 'бесплатный']"
207,mobile_app,2026-09-06 13:25:00,"Курьер  Привёз  чужой  заказ,  мой пакет у него отсутствует. цена: 860 Руб. / звонить: 8 924 339 54 34 / ПОЧТА: TEST.USER@mail.ru ???",[],['TEST.USER@mail.ru'],['8 924 339 54 34'],[],['860 Руб.'],"Курьер Привёз чужой заказ, мой пакет у него отсутствует. цена: [PRICE] звонить: [PHONE] ПОЧТА: [EMAIL] ?",курьер привёз чужой заказ мой пакет у него отсутствует,"['курьер', 'привёз', 'чужой', 'заказ', 'пакет', 'отсутствует']","['курьер', 'привезти', 'чужой', 'заказ', 'пакет', 'отсутствовать']"
208,mobile_app,2026-08-20 04:41:00,"Хочу перенести доставку НА другой ДЕНЬ, сегодня принять не смогу. ответьте на: user_7815@yandex.ru; Вот страница www.delivery-example.ru/page/208; с 12/07/2026 ...",['www.delivery-example.ru/page/208'],['user_7815@yandex.ru'],[],['12/07/2026'],[],"Хочу перенести доставку НА другой ДЕНЬ, сегодня принять не смогу. ответьте на: [EMAIL]; Вот страница [URL]; с [DATE] .",хочу перенести доставку на другой день сегодня принять не смогу ответьте на вот с,"['хочу', 'перенести', 'доставку', 'день', 'сегодня', 'принять', 'смогу', 'ответьте']","['хотеть', 'перенести', 'доставка', 'день', 'сегодня', 'принять', 'смочь', 'ответить']"
209,social,2026-08-26 07:40:00,КУРЬЕР  не  позвонил  и отметил что меня не Было дома. списали: 567 руб.; тел: 89022237149,[],[],['89022237149'],[],['567 руб.'],КУРЬЕР не позвонил и отметил что меня не Было дома. списали: [PRICE]; тел: [PHONE],курьер не позвонил и отметил что меня не было дома,"['курьер', 'позвонил', 'отметил', 'дома']","['курьер', 'позвонить', 'отметить', 'дом']"
210,chat,2026-08-30 05:07:00,Не получается найти отправление по трек номеру. оформлено 15-11-26 / звонить: 8 995 969 32 76,[],[],['8 995 969 32 76'],['15-11-26'],[],Не получается найти отправление по трек номеру. оформлено [DATE] звонить: [PHONE],не получается найти отправление по трек номеру,"['получается', 'найти', 'отправление', 'трек', 'номеру']","['получаться', 'найти', 'отправление', 'трек', 'номер']"
211,web,2026-09-03 10:36:00,🔥 Курьер  не  ПОЗВОНИЛ  и  отметил что меня НЕ было дома. Ссылка: Https://track-fast.ru/item/211,['Https://track-fast.ru/item/211'],[],[],[],[],Курьер не ПОЗВОНИЛ и отметил что меня НЕ было дома. Ссылка: [URL],курьер не позвонил и отметил что меня не было дома,"['курьер', 'позвонил', 'отметил', 'дома']","['курьер', 'позвонить', 'отметить', 'дом']"
212,mobile_app,2026-09-09 09:34:00,Посылка вернулась отправителю хотя срок Хранения ещё не закончился. мой номер: +7 956 438 2190 | цена: 13055 RUB | оформлено 13/11/2026,[],[],['+7 956 438 2190'],['13/11/2026'],['13055 RUB'],Посылка вернулась отправителю хотя срок Хранения ещё не закончился. мой номер: [PHONE] цена: [PRICE] оформлено [DATE],посылка вернулась отправителю хотя срок хранения ещё не закончился,"['посылка', 'вернулась', 'отправителю', 'хотя', 'срок', 'хранения', 'закончился']","['посылка', 'вернуться', 'отправитель', 'хотя', 'срок', 'хранение', 'закончиться']"
213,chat,2026-09-13 08:41:00,"Коробка приехала помятая, внутри товар повреждён. дата 2026-08-05   сумма: 2513р   звонить: +7 (971) 548-28-78",[],[],['+7 (971) 548-28-78'],['2026-08-05'],[],"Коробка приехала помятая, внутри товар повреждён. дата [DATE] сумма: 2513р звонить: [PHONE]",коробка приехала помятая внутри товар повреждён 2513р,"['коробка', 'приехала', 'помятая', 'внутри', 'товар', 'повреждён', '2513р']","['коробка', 'приехать', 'помятый', 'внутри', 'товар', 'повредить', '2513р']"
214,chat,2026-09-07 19:20:00,"Посылка зависла на сортировке, статус не меняется ПЯТЬ дней. тел: 8 999 548 52 94 / сумма: 2 560 рублей",[],[],['8 999 548 52 94'],[],['2 560 рублей'],"Посылка зависла на сортировке, статус не меняется ПЯТЬ дней. тел: [PHONE] сумма: [PRICE]",посылка зависла на сортировке статус не меняется пять дней,"['посылка', 'зависла', 'сортировке', 'статус', 'меняется', 'пять', 'дней']","['посылка', 'зависнуть', 'сортировка', 'статус', 'меняться', 'пять', 'день']"
215,chat,2026-08-25 03:53:00,⚠️ Нужно изменить адрес доставки по отправлению №68060. вот страница http://track-fast.ru/order???id=1215 / звонить: +7 908 829 6791 / цена: 46 034 руб. ***,['http://track-fast.ru/order???id=1215'],[],['+7 908 829 6791'],[],['46 034 руб.'],⚠ Нужно изменить адрес доставки по отправлению №68060. вот страница [URL] звонить: [PHONE] цена: [PRICE],нужно изменить адрес доставки по отправлению вот,"['нужно', 'изменить', 'адрес', 'доставки', 'отправлению']","['нужно', 'изменить', 'адрес', 'доставка', 'отправление']"
216,social,2026-09-08 13:25:00,"Коробка  приехала  помятая, внутри товар повреждён. почта: m.smirnova@logi-mail.ru / цена: 566 рублей / НУЖНО на 29.05.2026 ???",[],['m.smirnova@logi-mail.ru'],[],['29.05.2026'],['566 рублей'],"Коробка приехала помятая, внутри товар повреждён. почта: [EMAIL] цена: [PRICE] НУЖНО на [DATE] ?",коробка приехала помятая внутри товар повреждён,"['коробка', 'приехала', 'помятая', 'внутри', 'товар', 'повреждён']","['коробка', 'приехать', 'помятый', 'внутри', 'товар', 'повредить']"
217,web,2026-09-09 22:08:00,"Посылка зависла на сортировке, статус не меняется Пять дней. мой НОМЕР: 89703665242 / С 21/07/2026",[],[],['89703665242'],['21/07/2026'],[],"Посылка зависла на сортировке, статус не меняется Пять дней. мой НОМЕР: [PHONE] С [DATE]",посылка зависла на сортировке статус не меняется пять дней с,"['посылка', 'зависла', 'сортировке', 'статус', 'меняется', 'пять', 'дней']","['посылка', 'зависнуть', 'сортировка', 'статус', 'меняться', 'пять', 'день']"
218,email,2026-09-07 17:37:00,"Курьер  привёз  чужой  ЗАКАЗ,  мой пакет у НЕГО отсутствует. сумма: 90011р | почта: student2026@gmail.com | дата 06-02-27",[],['student2026@gmail.com'],[],['06-02-27'],[],"Курьер привёз чужой ЗАКАЗ, мой пакет у НЕГО отсутствует. сумма: 90011р почта: [EMAIL] дата [DATE]",курьер привёз чужой заказ мой пакет у него отсутствует 90011р,"['курьер', 'привёз', 'чужой', 'заказ', 'пакет', 'отсутствует', '90011р']","['курьер', 'привезти', 'чужой', 'заказ', 'пакет', 'отсутствовать', '90011р']"
219,social,2026-08-23 23:13:00,Нужно  изменить адрес Доставки по отправлению №39194. цена: 491 рублей,[],[],[],[],['491 рублей'],Нужно изменить адрес Доставки по отправлению №39194. цена: [PRICE],нужно изменить адрес доставки по отправлению,"['нужно', 'изменить', 'адрес', 'доставки', 'отправлению']","['нужно', 'изменить', 'адрес', 'доставка', 'отправление']"
220,web,2026-08-29 09:54:00,😡 Курьер не Позвонил и отметил что меня Не было дома. оформлено 09/06/2026 / Стоимость: 124 550 руб. / ответьте на: user_8968@logi-mail.ru / смотрите https://courier-now.ru/item/220 ???,['https://courier-now.ru/item/220'],['user_8968@logi-mail.ru'],[],['09/06/2026'],['124 550 руб.'],Курьер не Позвонил и отметил что меня Не было дома. оформлено [DATE] Стоимость: [PRICE] ответьте на: [EMAIL] смотрите [URL] ?,курьер не позвонил и отметил что меня не было дома ответьте на,"['курьер', 'позвонил', 'отметил', 'дома', 'ответьте']","['курьер', 'позвонить', 'отметить', 'дом', 'ответить']"
221,email,2026-08-23 16:00:00,"🙂 Коробка  приехала  помятая, внутри товар повреждён. URL= Https://track-fast.ru/item/221; нужно на 2026-06-19; стоимость: 90 014 рублей",['Https://track-fast.ru/item/221'],[],[],['2026-06-19'],['90 014 рублей'],"Коробка приехала помятая, внутри товар повреждён. URL= [URL]; нужно на [DATE]; стоимость: [PRICE]",коробка приехала помятая внутри товар повреждён,"['коробка', 'приехала', 'помятая', 'внутри', 'товар', 'повреждён']","['коробка', 'приехать', 'помятый', 'внутри', 'товар', 'повредить']"
222,mobile_app,2026-09-02 21:43:00,"⚠️ Хочу перенести доставку На другой день, сегодня принять не смогу. смотрите http://delivery-example.ru/order?????id=1222 | Сумма: 1 301 рублей | email: m.smirnova@logi-mail.ru | ДАТА 02-08-26",['http://delivery-example.ru/order?????id=1222'],['m.smirnova@logi-mail.ru'],[],['02-08-26'],['1 301 рублей'],"⚠ Хочу перенести доставку На другой день, сегодня принять не смогу. смотрите [URL] Сумма: [PRICE] email: [EMAIL] ДАТА [DATE]",хочу перенести доставку на другой день сегодня принять не смогу,"['хочу', 'перенести', 'доставку', 'день', 'сегодня', 'принять', 'смогу']","['хотеть', 'перенести', 'доставка', 'день', 'сегодня', 'принять', 'смочь']"
223,web,2026-09-05 11:29:00,Не  получается найти отправление по Трек Номеру.,[],[],[],[],[],Не получается найти отправление по Трек Номеру.,не получается найти отправление по трек номеру,"['получается', 'найти', 'отправление', 'трек', 'номеру']","['получаться', 'найти', 'отправление', 'трек', 'номер']"
224,mobile_app,2026-09-10 20:42:00,Курьер  НЕ  ПОЗВОНИЛ  и отметил что меня не было ДОМА. почта: STUDENT2026@MAIL.RU | с 27.08.2026,[],['STUDENT2026@MAIL.RU'],[],['27.08.2026'],[],Курьер НЕ ПОЗВОНИЛ и отметил что меня не было ДОМА. почта: [EMAIL] с [DATE],курьер не позвонил и отметил что меня не было дома с,"['курьер', 'позвонил', 'отметил', 'дома']","['курьер', 'позвонить', 'отметить', 'дом']"
225,social,2026-09-03 07:43:00,🙂 Не  получается  Найти  отправление  по трек номеру. Смотрите https://courier-now.ru/item/225,['https://courier-now.ru/item/225'],[],[],[],[],Не получается Найти отправление по трек номеру. Смотрите [URL],не получается найти отправление по трек номеру,"['получается', 'найти', 'отправление', 'трек', 'номеру']","['получаться', 'найти', 'отправление', 'трек', 'номер']"
226,chat,2026-09-09 19:11:00,🔥 Нужно изменить адрес Доставки по отправлению №97238. звонить: +7-961-130-22-92 / смотрите http://courier-now.ru/order?id=1226 / нужно на 27.10.2026,['http://courier-now.ru/order?id=1226'],[],['+7-961-130-22-92'],['27.10.2026'],[],Нужно изменить адрес Доставки по отправлению №97238. звонить: [PHONE] смотрите [URL] нужно на [DATE],нужно изменить адрес доставки по отправлению,"['нужно', 'изменить', 'адрес', 'доставки', 'отправлению']","['нужно', 'изменить', 'адрес', 'доставка', 'отправление']"
227,mobile_app,2026-09-07 10:21:00,Курьер  не  ПОЗВОНИЛ и отметил что меня не было дома. email: user_5383@yandex.ru   стоимость: 13 089 рублей   нужно на 07/06/2026   телефон: +7 979 208 4852,[],['user_5383@yandex.ru'],['+7 979 208 4852'],['07/06/2026'],['13 089 рублей'],Курьер не ПОЗВОНИЛ и отметил что меня не было дома. email: [EMAIL] стоимость: [PRICE] нужно на [DATE] телефон: [PHONE],курьер не позвонил и отметил что меня не было дома,"['курьер', 'позвонил', 'отметил', 'дома']","['курьер', 'позвонить', 'отметить', 'дом']"
228,mobile_app,2026-09-16 18:29:00,Курьер не позвонил и отметил что меня не было Дома. ОТВЕТЬТЕ на: TEST.USER@YANDEX.RU   Ссылка: www.delivery-example.ru/page/228   оформлено 30.07.2026   звонить: 8 983 459 55 36 ###,['www.delivery-example.ru/page/228'],['TEST.USER@YANDEX.RU'],['8 983 459 55 36'],['30.07.2026'],[],Курьер не позвонил и отметил что меня не было Дома. ОТВЕТЬТЕ на: [EMAIL] Ссылка: [URL] оформлено [DATE] звонить: [PHONE],курьер не позвонил и отметил что меня не было дома ответьте на,"['курьер', 'позвонил', 'отметил', 'дома', 'ответьте']","['курьер', 'позвонить', 'отметить', 'дом', 'ответить']"
229,mobile_app,2026-08-22 18:20:00,"Курьер ПРИВЁЗ чужой заказ, мой пакет у него отсутствует. мой номер: +7-959-784-71-53 / оформлено 05-05-26",[],[],['+7-959-784-71-53'],['05-05-26'],[],"Курьер ПРИВЁЗ чужой заказ, мой пакет у него отсутствует. мой номер: [PHONE] оформлено [DATE]",курьер привёз чужой заказ мой пакет у него отсутствует,"['курьер', 'привёз', 'чужой', 'заказ', 'пакет', 'отсутствует']","['курьер', 'привезти', 'чужой', 'заказ', 'пакет', 'отсутствовать']"
230,social,2026-08-27 17:05:00,Курьер  не  позвонил и отметил что меня НЕ было дома. URL= www.delivery-example.ru/page/230   звонить: +7-938-764-20-76   стоимость: 124546р ###,['www.delivery-example.ru/page/230'],[],['+7-938-764-20-76'],[],[],Курьер не позвонил и отметил что меня НЕ было дома. URL= [URL] звонить: [PHONE] стоимость: 124546р,курьер не позвонил и отметил что меня не было дома 124546р,"['курьер', 'позвонил', 'отметил', 'дома', '124546р']","['курьер', 'позвонить', 'отметить', 'дом', '124546р']"
231,chat,2026-09-07 13:30:00,⚠️ Сколько будет стоить доставка крупной посылки в другой город? ЗВОНИТЬ: 8 993 261 56 30 | СПИСАЛИ: 576 рублей | ответьте на: ivan.petrov@mail.ru,[],['ivan.petrov@mail.ru'],['8 993 261 56 30'],[],['576 рублей'],⚠ Сколько будет стоить доставка крупной посылки в другой город? ЗВОНИТЬ: [PHONE] СПИСАЛИ: [PRICE] ответьте на: [EMAIL],сколько будет стоить доставка крупной посылки в другой город ответьте на,"['сколько', 'стоить', 'доставка', 'крупной', 'посылки', 'город', 'ответьте']","['сколько', 'стоить', 'доставка', 'крупный', 'посылка', 'город', 'ответить']"
232,email,2026-09-02 23:03:00,"Хочу  перенести  доставку На другой день, сегодня принять не смогу.",[],[],[],[],[],"Хочу перенести доставку На другой день, сегодня принять не смогу.",хочу перенести доставку на другой день сегодня принять не смогу,"['хочу', 'перенести', 'доставку', 'день', 'сегодня', 'принять', 'смогу']","['хотеть', 'перенести', 'доставка', 'день', 'сегодня', 'принять', 'смочь']"
233,web,2026-09-07 19:16:00,Посылка  вернулась  отправителю  хотя  срок хранения ещё не Закончился. вот страница https://www.delivery-example.ru/support/233?from=mail   с 27.12.2026   звонить: +7 970 929 5661,['https://www.delivery-example.ru/support/233?from=mail'],[],['+7 970 929 5661'],['27.12.2026'],[],Посылка вернулась отправителю хотя срок хранения ещё не Закончился. вот страница [URL] с [DATE] звонить: [PHONE],посылка вернулась отправителю хотя срок хранения ещё не закончился вот с,"['посылка', 'вернулась', 'отправителю', 'хотя', 'срок', 'хранения', 'закончился']","['посылка', 'вернуться', 'отправитель', 'хотя', 'срок', 'хранение', 'закончиться']"
234,social,2026-09-05 19:45:00,💸 Нужно изменить адрес доставки по ОТПРАВЛЕНИЮ №16612. ЗВОНИТЬ: +7-989-961-91-56 | дата 10-02-27,[],[],['+7-989-961-91-56'],['10-02-27'],[],Нужно изменить адрес доставки по ОТПРАВЛЕНИЮ №16612. ЗВОНИТЬ: [PHONE] дата [DATE],нужно изменить адрес доставки по отправлению,"['нужно', 'изменить', 'адрес', 'доставки', 'отправлению']","['нужно', 'изменить', 'адрес', 'доставка', 'отправление']"
235,email,2026-09-02 13:32:00,⚠️ Сколько БУДЕТ стоить доставка крупной посылки в Другой город? Ссылка: www.courier-now.ru/page/235   дата 02/09/2026,['www.courier-now.ru/page/235'],[],[],['02/09/2026'],[],⚠ Сколько БУДЕТ стоить доставка крупной посылки в Другой город? Ссылка: [URL] дата [DATE],сколько будет стоить доставка крупной посылки в другой город,"['сколько', 'стоить', 'доставка', 'крупной', 'посылки', 'город']","['сколько', 'стоить', 'доставка', 'крупный', 'посылка', 'город']"
236,chat,2026-09-14 19:09:00,Почему доставка стала платной? при оформлении была БЕСПЛАТНАЯ. телефон: +7 (977) 515-62-26 / с 10/06/2026 / списали: 124 529 ₽ / вот страница www.delivery-example.ru/page/236 / e-mail: user_8630@logi-mail.ru,['www.delivery-example.ru/page/236'],['user_8630@logi-mail.ru'],['+7 (977) 515-62-26'],['10/06/2026'],['124 529 ₽'],Почему доставка стала платной? при оформлении была БЕСПЛАТНАЯ. телефон: [PHONE] с [DATE] списали: [PRICE] вот страница [URL] e-mail: [EMAIL],почему доставка стала платной при оформлении была бесплатная с вот,"['почему', 'доставка', 'стала', 'платной', 'оформлении', 'бесплатная']","['почему', 'доставка', 'стать', 'платный', 'оформление', 'бесплатный']"
237,social,2026-09-14 00:24:00,Курьер не позвонил и отметил что меня не БЫЛО дома. смотрите http://courier-now.ru/order????id=1237 | почта: m.smirnova@yandex.ru | дата 23.04.2026,['http://courier-now.ru/order????id=1237'],['m.smirnova@yandex.ru'],[],['23.04.2026'],[],Курьер не позвонил и отметил что меня не БЫЛО дома. смотрите [URL] почта: [EMAIL] дата [DATE],курьер не позвонил и отметил что меня не было дома,"['курьер', 'позвонил', 'отметил', 'дома']","['курьер', 'позвонить', 'отметить', 'дом']"
238,mobile_app,2026-09-07 20:53:00,"Курьер привёз чужой заказ, мой пакет у него отсутствует. оформлено 15.12.2026 / смотрите https://www.courier-now.ru/support/238?from=mail / звонить: +7 948 862 7241 / e-mail: m.smirnova@logi-mail.ru ***",['https://www.courier-now.ru/support/238?from=mail'],['m.smirnova@logi-mail.ru'],['+7 948 862 7241'],['15.12.2026'],[],"Курьер привёз чужой заказ, мой пакет у него отсутствует. оформлено [DATE] смотрите [URL] звонить: [PHONE] e-mail: [EMAIL]",курьер привёз чужой заказ мой пакет у него отсутствует,"['курьер', 'привёз', 'чужой', 'заказ', 'пакет', 'отсутствует']","['курьер', 'привезти', 'чужой', 'заказ', 'пакет', 'отсутствовать']"
239,web,2026-08-23 11:51:00,"Посылка зависла на сортировке, статус не меняется пять дней. Ссылка: https://www.courier-now.ru/support/239????from=mail",['https://www.courier-now.ru/support/239????from=mail'],[],[],[],[],"Посылка зависла на сортировке, статус не меняется пять дней. Ссылка: [URL]",посылка зависла на сортировке статус не меняется пять дней,"['посылка', 'зависла', 'сортировке', 'статус', 'меняется', 'пять', 'дней']","['посылка', 'зависнуть', 'сортировка', 'статус', 'меняться', 'пять', 'день']"
240,web,2026-09-14 08:36:00,Сколько  будет  стоить  доставка  крупной посылки в другой город? почта: student2026@gmail.com   сумма: 869 ₽,[],['student2026@gmail.com'],[],[],['869 ₽'],Сколько будет стоить доставка крупной посылки в другой город? почта: [EMAIL] сумма: [PRICE],сколько будет стоить доставка крупной посылки в другой город,"['сколько', 'стоить', 'доставка', 'крупной', 'посылки', 'город']","['сколько', 'стоить', 'доставка', 'крупный', 'посылка', 'город']"
241,chat,2026-09-07 12:47:00,"📌 Курьер  ПРИВЁЗ  чужой заказ, мой пакет У НЕГО отсутствует. URL= https://www.delivery-example.ru/support/241?????from=mail",['https://www.delivery-example.ru/support/241?????from=mail'],[],[],[],[],"Курьер ПРИВЁЗ чужой заказ, мой пакет У НЕГО отсутствует. URL= [URL]",курьер привёз чужой заказ мой пакет у него отсутствует,"['курьер', 'привёз', 'чужой', 'заказ', 'пакет', 'отсутствует']","['курьер', 'привезти', 'чужой', 'заказ', 'пакет', 'отсутствовать']"
242,chat,2026-09-12 13:36:00,Не получается найти отправление по трек номеру. URL= https://www.courier-now.ru/support/242?????from=mail / стоимость: 89 998 рублей / тел: 89511164277 / оформлено 2026-06-20,['https://www.courier-now.ru/support/242?????from=mail'],[],['89511164277'],['2026-06-20'],['89 998 рублей'],Не получается найти отправление по трек номеру. URL= [URL] стоимость: [PRICE] тел: [PHONE] оформлено [DATE],не получается найти отправление по трек номеру,"['получается', 'найти', 'отправление', 'трек', 'номеру']","['получаться', 'найти', 'отправление', 'трек', 'номер']"
243,email,2026-08-26 03:33:00,Сколько  будет  стоить  доставка  крупной ПОСЫЛКИ в другой город?? Сумма: 856 ₽   e-mail: IVAN.PETROV@LOGI-MAIL.RU   мой номер: +7 (951) 915-34-77   СМОТРИТЕ www.track-fast.ru/page/243,['www.track-fast.ru/page/243'],['IVAN.PETROV@LOGI-MAIL.RU'],['+7 (951) 915-34-77'],[],['856 ₽'],Сколько будет стоить доставка крупной ПОСЫЛКИ в другой город? Сумма: [PRICE] e-mail: [EMAIL] мой номер: [PHONE] СМОТРИТЕ [URL],сколько будет стоить доставка крупной посылки в другой город,"['сколько', 'стоить', 'доставка', 'крупной', 'посылки', 'город']","['сколько', 'стоить', 'доставка', 'крупный', 'посылка', 'город']"
244,email,2026-08-22 20:52:00,"Посылка зависла на сортировке, статус не меняется пять дней. вот страница HTTPS://DELIVERY-EXAMPLE.RU/ITEM/244   мой номер: +7 926 120 3161   списали: 6 053 рублей",['HTTPS://DELIVERY-EXAMPLE.RU/ITEM/244'],[],['+7 926 120 3161'],[],['6 053 рублей'],"Посылка зависла на сортировке, статус не меняется пять дней. вот страница [URL] мой номер: [PHONE] списали: [PRICE]",посылка зависла на сортировке статус не меняется пять дней вот,"['посылка', 'зависла', 'сортировке', 'статус', 'меняется', 'пять', 'дней']","['посылка', 'зависнуть', 'сортировка', 'статус', 'меняться', 'пять', 'день']"
245,mobile_app,2026-09-06 02:40:00,Нужно изменить адрес доставки по отправлению №61391. звонить: 8 998 210 18 18; ответьте на: student2026@logi-mail.ru,[],['student2026@logi-mail.ru'],['8 998 210 18 18'],[],[],Нужно изменить адрес доставки по отправлению №61391. звонить: [PHONE]; ответьте на: [EMAIL],нужно изменить адрес доставки по отправлению ответьте на,"['нужно', 'изменить', 'адрес', 'доставки', 'отправлению', 'ответьте']","['нужно', 'изменить', 'адрес', 'доставка', 'отправление', 'ответить']"
246,social,2026-08-28 19:32:00,Посылка  вернулась отправителю хотя Срок хранения ещё Не закончился. Ссылка: http://track-fast.ru/order??id=1246   дата 24-11-26,['http://track-fast.ru/order??id=1246'],[],[],['24-11-26'],[],Посылка вернулась отправителю хотя Срок хранения ещё Не закончился. Ссылка: [URL] дата [DATE],посылка вернулась отправителю хотя срок хранения ещё не закончился,"['посылка', 'вернулась', 'отправителю', 'хотя', 'срок', 'хранения', 'закончился']","['посылка', 'вернуться', 'отправитель', 'хотя', 'срок', 'хранение', 'закончиться']"
247,mobile_app,2026-08-26 00:54:00,"Курьер  привёз  чужой  ЗАКАЗ, мой пакет у него отсутствует. email: student2026@mail.ru | с 2026-10-19",[],['student2026@mail.ru'],[],['2026-10-19'],[],"Курьер привёз чужой ЗАКАЗ, мой пакет у него отсутствует. email: [EMAIL] с [DATE]",курьер привёз чужой заказ мой пакет у него отсутствует с,"['курьер', 'привёз', 'чужой', 'заказ', 'пакет', 'отсутствует']","['курьер', 'привезти', 'чужой', 'заказ', 'пакет', 'отсутствовать']"
248,email,2026-09-03 07:17:00,🙂 Почему доставка стала платной??? при оформлении БЫЛА бесплатная. нужно на 02/07/2026 | вот страница https://www.delivery-example.ru/support/248????from=mail | email: user_4384@logi-mail.ru,['https://www.delivery-example.ru/support/248????from=mail'],['user_4384@logi-mail.ru'],[],['02/07/2026'],[],Почему доставка стала платной? при оформлении БЫЛА бесплатная. нужно на [DATE] вот страница [URL] email: [EMAIL],почему доставка стала платной при оформлении была бесплатная вот,"['почему', 'доставка', 'стала', 'платной', 'оформлении', 'бесплатная']","['почему', 'доставка', 'стать', 'платный', 'оформление', 'бесплатный']"
249,mobile_app,2026-09-03 03:41:00,"Коробка приехала ПОМЯТАЯ, внутри Товар повреждён. смотрите https://delivery-example.ru/item/249",['https://delivery-example.ru/item/249'],[],[],[],[],"Коробка приехала ПОМЯТАЯ, внутри Товар повреждён. смотрите [URL]",коробка приехала помятая внутри товар повреждён,"['коробка', 'приехала', 'помятая', 'внутри', 'товар', 'повреждён']","['коробка', 'приехать', 'помятый', 'внутри', 'товар', 'повредить']"
250,web,2026-08-24 18:59:00,Курьер не позвонил И отметил что меня не было дома. дата 02/04/2026; стоимость: 515 рублей; E-MAIL: TEST.USER@gmail.com; Ссылка: http://delivery-example.ru/order????id=1250,['http://delivery-example.ru/order????id=1250'],['TEST.USER@gmail.com'],[],['02/04/2026'],['515 рублей'],Курьер не позвонил И отметил что меня не было дома. дата [DATE]; стоимость: [PRICE]; E-MAIL: [EMAIL]; Ссылка: [URL],курьер не позвонил и отметил что меня не было дома,"['курьер', 'позвонил', 'отметил', 'дома']","['курьер', 'позвонить', 'отметить', 'дом']"
251,email,2026-09-02 15:53:00,"Коробка  приехала  помятая,  внутри Товар повреждён. e-mail: student2026@logi-mail.ru ...",[],['student2026@logi-mail.ru'],[],[],[],"Коробка приехала помятая, внутри Товар повреждён. e-mail: [EMAIL] .",коробка приехала помятая внутри товар повреждён,"['коробка', 'приехала', 'помятая', 'внутри', 'товар', 'повреждён']","['коробка', 'приехать', 'помятый', 'внутри', 'товар', 'повредить']"
252,email,2026-09-04 13:42:00,"Хочу  перенести  доставку  на другой день, сегодня принять не смогу. тел: +7 (901) 182-58-64 / списали: 13046 RUB",[],[],['+7 (901) 182-58-64'],[],['13046 RUB'],"Хочу перенести доставку на другой день, сегодня принять не смогу. тел: [PHONE] списали: [PRICE]",хочу перенести доставку на другой день сегодня принять не смогу,"['хочу', 'перенести', 'доставку', 'день', 'сегодня', 'принять', 'смогу']","['хотеть', 'перенести', 'доставка', 'день', 'сегодня', 'принять', 'смочь']"
253,chat,2026-09-03 16:20:00,"Хочу перенести ДОСТАВКУ на другой день, СЕГОДНЯ принять не Смогу. почта: student2026@logi-mail.ru / стоимость: 1 312 ₽",[],['student2026@logi-mail.ru'],[],[],['1 312 ₽'],"Хочу перенести ДОСТАВКУ на другой день, СЕГОДНЯ принять не Смогу. почта: [EMAIL] стоимость: [PRICE]",хочу перенести доставку на другой день сегодня принять не смогу,"['хочу', 'перенести', 'доставку', 'день', 'сегодня', 'принять', 'смогу']","['хотеть', 'перенести', 'доставка', 'день', 'сегодня', 'принять', 'смочь']"
254,web,2026-08-31 21:34:00,🙂 Нужно изменить адрес доставки по отправлению №58830. сумма: 90040р; нужно на 22/04/2026; тел: 89302539834,[],[],['89302539834'],['22/04/2026'],[],Нужно изменить адрес доставки по отправлению №58830. сумма: 90040р; нужно на [DATE]; тел: [PHONE],нужно изменить адрес доставки по отправлению 90040р,"['нужно', 'изменить', 'адрес', 'доставки', 'отправлению', '90040р']","['нужно', 'изменить', 'адрес', 'доставка', 'отправление', '90040р']"
255,web,2026-08-25 14:41:00,Посылка вернулась отправителю хотя срок хранения ещё не ЗАКОНЧИЛСЯ. email: help.me@gmail.com; смотрите www.delivery-example.ru/page/255; цена: 199934 RUB; с 21-09-26,['www.delivery-example.ru/page/255'],['help.me@gmail.com'],[],['21-09-26'],['199934 RUB'],Посылка вернулась отправителю хотя срок хранения ещё не ЗАКОНЧИЛСЯ. email: [EMAIL]; смотрите [URL]; цена: [PRICE]; с [DATE],посылка вернулась отправителю хотя срок хранения ещё не закончился с,"['посылка', 'вернулась', 'отправителю', 'хотя', 'срок', 'хранения', 'закончился']","['посылка', 'вернуться', 'отправитель', 'хотя', 'срок', 'хранение', 'закончиться']"
256,mobile_app,2026-09-03 13:16:00,🙂 Курьер не позвонил и отметил ЧТО меня не было дома. С 2026-10-03 | Ссылка: http://delivery-example.ru/order?id=1256 | цена: 199 944 рублей,['http://delivery-example.ru/order?id=1256'],[],[],['2026-10-03'],['199 944 рублей'],Курьер не позвонил и отметил ЧТО меня не было дома. С [DATE] Ссылка: [URL] цена: [PRICE],курьер не позвонил и отметил что меня не было дома с,"['курьер', 'позвонил', 'отметил', 'дома']","['курьер', 'позвонить', 'отметить', 'дом']"
257,mobile_app,2026-08-25 00:14:00,Посылка вернулась отправителю ХОТЯ срок хранения ЕЩЁ не закончился. почта: ivan.petrov@gmail.com; дата 09.08.2026; сумма: 501 RUB; мой номер: 89062865125; вот страница http://track-fast.ru/order?id=1257 ***,['http://track-fast.ru/order?id=1257'],['ivan.petrov@gmail.com'],['89062865125'],['09.08.2026'],['501 RUB'],Посылка вернулась отправителю ХОТЯ срок хранения ЕЩЁ не закончился. почта: [EMAIL]; дата [DATE]; сумма: [PRICE]; мой номер: [PHONE]; вот страница [URL],посылка вернулась отправителю хотя срок хранения ещё не закончился вот,"['посылка', 'вернулась', 'отправителю', 'хотя', 'срок', 'хранения', 'закончился']","['посылка', 'вернуться', 'отправитель', 'хотя', 'срок', 'хранение', 'закончиться']"
258,mobile_app,2026-09-13 17:33:00,Сколько БУДЕТ стоить доставка крупной посылки в другой ГОРОД?? вот страница https://www.courier-now.ru/support/258?from=mail / сумма: 809р / email: ivan.petrov@mail.ru / тел: +7 925 508 3677 ...,['https://www.courier-now.ru/support/258?from=mail'],['ivan.petrov@mail.ru'],['+7 925 508 3677'],[],[],Сколько БУДЕТ стоить доставка крупной посылки в другой ГОРОД? вот страница [URL] сумма: 809р email: [EMAIL] тел: [PHONE] .,сколько будет стоить доставка крупной посылки в другой город вот 809р,"['сколько', 'стоить', 'доставка', 'крупной', 'посылки', 'город', '809р']","['сколько', 'стоить', 'доставка', 'крупный', 'посылка', 'город', '809р']"
259,mobile_app,2026-09-09 04:24:00,"Посылка зависла на сортировке, статус не меняется пять дней. мой номер: +7 (946) 899-79-30 | сумма: 90028 RUB | с 29/04/2026",[],[],['+7 (946) 899-79-30'],['29/04/2026'],['90028 RUB'],"Посылка зависла на сортировке, статус не меняется пять дней. мой номер: [PHONE] сумма: [PRICE] с [DATE]",посылка зависла на сортировке статус не меняется пять дней с,"['посылка', 'зависла', 'сортировке', 'статус', 'меняется', 'пять', 'дней']","['посылка', 'зависнуть', 'сортировка', 'статус', 'меняться', 'пять', 'день']"
260,chat,2026-09-08 18:49:00,Курьер не позвонил и отметил что меня не было дома. сумма: 124 562 ₽ | почта: user_5427@mail.ru | тел: +7 (976) 426-30-94 | оформлено 02-01-27,[],['user_5427@mail.ru'],['+7 (976) 426-30-94'],['02-01-27'],['124 562 ₽'],Курьер не позвонил и отметил что меня не было дома. сумма: [PRICE] почта: [EMAIL] тел: [PHONE] оформлено [DATE],курьер не позвонил и отметил что меня не было дома,"['курьер', 'позвонил', 'отметил', 'дома']","['курьер', 'позвонить', 'отметить', 'дом']"
261,web,2026-08-21 01:33:00,Нужно  изменить Адрес доставки по отправлению №97291. цена: 124 552 руб. / Нужно на 29-09-26 / email: Help.me@yandex.ru / звонить: +7 (962) 278-30-93,[],['Help.me@yandex.ru'],['+7 (962) 278-30-93'],['29-09-26'],['124 552 руб.'],Нужно изменить Адрес доставки по отправлению №97291. цена: [PRICE] Нужно на [DATE] email: [EMAIL] звонить: [PHONE],нужно изменить адрес доставки по отправлению,"['нужно', 'изменить', 'адрес', 'доставки', 'отправлению']","['нужно', 'изменить', 'адрес', 'доставка', 'отправление']"
262,email,2026-09-04 17:19:00,"Курьер ПРИВЁЗ чужой заказ, мой пакет у него Отсутствует. сумма: 1314р; URL= www.delivery-example.ru/page/262",['www.delivery-example.ru/page/262'],[],[],[],[],"Курьер ПРИВЁЗ чужой заказ, мой пакет у него Отсутствует. сумма: 1314р; URL= [URL]",курьер привёз чужой заказ мой пакет у него отсутствует 1314р,"['курьер', 'привёз', 'чужой', 'заказ', 'пакет', 'отсутствует', '1314р']","['курьер', 'привезти', 'чужой', 'заказ', 'пакет', 'отсутствовать', '1314р']"
263,chat,2026-08-20 07:06:00,"Хочу  ПЕРЕНЕСТИ доставку на другой день, сегодня принять Не смогу. мой НОМЕР: +7-937-403-91-83",[],[],['+7-937-403-91-83'],[],[],"Хочу ПЕРЕНЕСТИ доставку на другой день, сегодня принять Не смогу. мой НОМЕР: [PHONE]",хочу перенести доставку на другой день сегодня принять не смогу,"['хочу', 'перенести', 'доставку', 'день', 'сегодня', 'принять', 'смогу']","['хотеть', 'перенести', 'доставка', 'день', 'сегодня', 'принять', 'смочь']"
264,web,2026-08-26 09:46:00,"Посылка зависла на сортировке, статус не меняется пять ДНЕЙ. дата 05.02.2027; вот страница https://www.delivery-example.ru/support/264????from=mail; мой номер: +7-985-496-61-37; сумма: 46 081 ₽",['https://www.delivery-example.ru/support/264????from=mail'],[],['+7-985-496-61-37'],['05.02.2027'],['46 081 ₽'],"Посылка зависла на сортировке, статус не меняется пять ДНЕЙ. дата [DATE]; вот страница [URL]; мой номер: [PHONE]; сумма: [PRICE]",посылка зависла на сортировке статус не меняется пять дней вот,"['посылка', 'зависла', 'сортировке', 'статус', 'меняется', 'пять', 'дней']","['посылка', 'зависнуть', 'сортировка', 'статус', 'меняться', 'пять', 'день']"
265,email,2026-08-24 10:15:00,📌 Почему  доставка стала платной???? При ОФОРМЛЕНИИ была бесплатная. ответьте на: user_954@gmail.com   Url= http://track-fast.ru/order??id=1265   сумма: 2570р,['http://track-fast.ru/order??id=1265'],['user_954@gmail.com'],[],[],[],Почему доставка стала платной? При ОФОРМЛЕНИИ была бесплатная. ответьте на: [EMAIL] Url= [URL] сумма: 2570р,почему доставка стала платной при оформлении была бесплатная ответьте на 2570р,"['почему', 'доставка', 'стала', 'платной', 'оформлении', 'бесплатная', 'ответьте', '2570р']","['почему', 'доставка', 'стать', 'платный', 'оформление', 'бесплатный', 'ответить', '2570р']"
266,mobile_app,2026-09-12 07:06:00,Курьер  Не  позвонил  и отметил что меня не было дома. цена: 1 330 руб.   ОФОРМЛЕНО 05/02/2027   ответьте НА: ivan.petrov@yandex.ru,[],['ivan.petrov@yandex.ru'],[],['05/02/2027'],['1 330 руб.'],Курьер Не позвонил и отметил что меня не было дома. цена: [PRICE] ОФОРМЛЕНО [DATE] ответьте НА: [EMAIL],курьер не позвонил и отметил что меня не было дома ответьте на,"['курьер', 'позвонил', 'отметил', 'дома', 'ответьте']","['курьер', 'позвонить', 'отметить', 'дом', 'ответить']"
267,web,2026-09-12 00:33:00,"Посылка  зависла  На  сортировке,  статус не меняется пять дней. ответьте на: student2026@logi-mail.ru / списали: 553 руб. / URL= www.courier-now.ru/page/267 / оформлено 20.08.2026",['www.courier-now.ru/page/267'],['student2026@logi-mail.ru'],[],['20.08.2026'],['553 руб.'],"Посылка зависла На сортировке, статус не меняется пять дней. ответьте на: [EMAIL] списали: [PRICE] URL= [URL] оформлено [DATE]",посылка зависла на сортировке статус не меняется пять дней ответьте на,"['посылка', 'зависла', 'сортировке', 'статус', 'меняется', 'пять', 'дней', 'ответьте']","['посылка', 'зависнуть', 'сортировка', 'статус', 'меняться', 'пять', 'день', 'ответить']"
268,web,2026-09-12 20:01:00,"ХОЧУ  перенести  доставку  НА другой день, сегодня принять не смогу. стоимость: 90 024 ₽ / URL= https://courier-now.ru/item/268 / оформлено 07-03-26 / звонить: 89822231973",['https://courier-now.ru/item/268'],[],['89822231973'],['07-03-26'],['90 024 ₽'],"ХОЧУ перенести доставку НА другой день, сегодня принять не смогу. стоимость: [PRICE] URL= [URL] оформлено [DATE] звонить: [PHONE]",хочу перенести доставку на другой день сегодня принять не смогу,"['хочу', 'перенести', 'доставку', 'день', 'сегодня', 'принять', 'смогу']","['хотеть', 'перенести', 'доставка', 'день', 'сегодня', 'принять', 'смочь']"
269,email,2026-08-27 03:23:00,Не получается найти ОТПРАВЛЕНИЕ по трек номеру. оформлено 09/08/2026   списали: 124 530 Руб.,[],[],[],['09/08/2026'],['124 530 Руб.'],Не получается найти ОТПРАВЛЕНИЕ по трек номеру. оформлено [DATE] списали: [PRICE],не получается найти отправление по трек номеру,"['получается', 'найти', 'отправление', 'трек', 'номеру']","['получаться', 'найти', 'отправление', 'трек', 'номер']"
270,email,2026-09-02 19:52:00,КУРЬЕР  не  позвонил и отметил что меня не было дома. ВОТ СТРАНИЦА https://www.track-fast.ru/support/270??from=mail / Цена: 199902р / e-mail: help.me@yandex.ru / нужно на 05.03.2026,['https://www.track-fast.ru/support/270??from=mail'],['help.me@yandex.ru'],[],['05.03.2026'],[],КУРЬЕР не позвонил и отметил что меня не было дома. ВОТ СТРАНИЦА [URL] Цена: 199902р e-mail: [EMAIL] нужно на [DATE],курьер не позвонил и отметил что меня не было дома вот 199902р,"['курьер', 'позвонил', 'отметил', 'дома', '199902р']","['курьер', 'позвонить', 'отметить', 'дом', '199902р']"
271,email,2026-08-23 10:22:00,Нужно  изменить  адрес  доставки по отправлению №88934. дата 2026-09-01   звонить: 89845518187,[],[],['89845518187'],['2026-09-01'],[],Нужно изменить адрес доставки по отправлению №88934. дата [DATE] звонить: [PHONE],нужно изменить адрес доставки по отправлению,"['нужно', 'изменить', 'адрес', 'доставки', 'отправлению']","['нужно', 'изменить', 'адрес', 'доставка', 'отправление']"
272,web,2026-08-26 13:04:00,Не получается найти отправление по трек номеру. списали: 124542 RUB | e-mail: HELP.ME@YANDEX.RU | вот страница www.track-fast.ru/page/272 | телефон: +7-939-986-42-16,['www.track-fast.ru/page/272'],['HELP.ME@YANDEX.RU'],['+7-939-986-42-16'],[],['124542 RUB'],Не получается найти отправление по трек номеру. списали: [PRICE] e-mail: [EMAIL] вот страница [URL] телефон: [PHONE],не получается найти отправление по трек номеру вот,"['получается', 'найти', 'отправление', 'трек', 'номеру']","['получаться', 'найти', 'отправление', 'трек', 'номер']"
273,social,2026-09-08 17:01:00,"😡 Посылка ЗАВИСЛА на сортировке, статус не меняется пять дней. вот страница www.track-fast.ru/page/273 / цена: 2 562 рублей / нужно НА 20-02-27",['www.track-fast.ru/page/273'],[],[],['20-02-27'],['2 562 рублей'],"Посылка ЗАВИСЛА на сортировке, статус не меняется пять дней. вот страница [URL] цена: [PRICE] нужно НА [DATE]",посылка зависла на сортировке статус не меняется пять дней вот,"['посылка', 'зависла', 'сортировке', 'статус', 'меняется', 'пять', 'дней']","['посылка', 'зависнуть', 'сортировка', 'статус', 'меняться', 'пять', 'день']"
274,email,2026-08-30 13:23:00,Сколько будет стоить доставка крупной посылки в ДРУГОЙ город? URL= www.courier-now.ru/page/274 | ЦЕНА: 46028р !!!,['www.courier-now.ru/page/274'],[],[],[],[],Сколько будет стоить доставка крупной посылки в ДРУГОЙ город? URL= [URL] ЦЕНА: 46028р !,сколько будет стоить доставка крупной посылки в другой город 46028р,"['сколько', 'стоить', 'доставка', 'крупной', 'посылки', 'город', '46028р']","['сколько', 'стоить', 'доставка', 'крупный', 'посылка', 'город', '46028р']"
275,chat,2026-08-25 14:43:00,💸 Сколько  будет  стоить  доставка  крупной ПОСЫЛКИ в другой город???? телефон: 89376049222 / вот страница http://courier-now.ru/order???id=1275 / нужно НА 12-02-27 / стоимость: 6 023 рублей / ответьте на: help.me@mail.ru,['http://courier-now.ru/order???id=1275'],['help.me@mail.ru'],['89376049222'],['12-02-27'],['6 023 рублей'],Сколько будет стоить доставка крупной ПОСЫЛКИ в другой город? телефон: [PHONE] вот страница [URL] нужно НА [DATE] стоимость: [PRICE] ответьте на: [EMAIL],сколько будет стоить доставка крупной посылки в другой город вот ответьте на,"['сколько', 'стоить', 'доставка', 'крупной', 'посылки', 'город', 'ответьте']","['сколько', 'стоить', 'доставка', 'крупный', 'посылка', 'город', 'ответить']"
276,mobile_app,2026-09-09 08:20:00,СКОЛЬКО будет Стоить доставка крупной посылки в другой город? URL= HTTPS://WWW.DELIVERY-EXAMPLE.RU/SUPPORT/276?FROM=MAIL   звонить: 8 955 219 17 94   оформлено 17.04.2026   цена: 46023 RUB,['HTTPS://WWW.DELIVERY-EXAMPLE.RU/SUPPORT/276?FROM=MAIL'],[],['8 955 219 17 94'],['17.04.2026'],['46023 RUB'],СКОЛЬКО будет Стоить доставка крупной посылки в другой город? URL= [URL] звонить: [PHONE] оформлено [DATE] цена: [PRICE],сколько будет стоить доставка крупной посылки в другой город,"['сколько', 'стоить', 'доставка', 'крупной', 'посылки', 'город']","['сколько', 'стоить', 'доставка', 'крупный', 'посылка', 'город']"
277,email,2026-09-13 15:24:00,"Курьер  привёз  чужой заказ, МОЙ пакет у НЕГО отсутствует. Стоимость: 875 ₽ / вот страница http://track-fast.ru/order?id=1277 ...",['http://track-fast.ru/order?id=1277'],[],[],[],['875 ₽'],"Курьер привёз чужой заказ, МОЙ пакет у НЕГО отсутствует. Стоимость: [PRICE] вот страница [URL] .",курьер привёз чужой заказ мой пакет у него отсутствует вот,"['курьер', 'привёз', 'чужой', 'заказ', 'пакет', 'отсутствует']","['курьер', 'привезти', 'чужой', 'заказ', 'пакет', 'отсутствовать']"
278,mobile_app,2026-09-15 04:13:00,"Посылка  зависла на СОРТИРОВКЕ, Статус НЕ меняется пять дней. ответьте на: help.me@yandex.ru",[],['help.me@yandex.ru'],[],[],[],"Посылка зависла на СОРТИРОВКЕ, Статус НЕ меняется пять дней. ответьте на: [EMAIL]",посылка зависла на сортировке статус не меняется пять дней ответьте на,"['посылка', 'зависла', 'сортировке', 'статус', 'меняется', 'пять', 'дней', 'ответьте']","['посылка', 'зависнуть', 'сортировка', 'статус', 'меняться', 'пять', 'день', 'ответить']"
279,chat,2026-09-15 11:59:00,📌 Сколько  будет СТОИТЬ доставка крупной посылки в ДРУГОЙ город???? email: ivan.petrov@logi-mail.ru   списали: 497Р   нужно на 2026-06-08 ***,[],['ivan.petrov@logi-mail.ru'],[],['2026-06-08'],[],Сколько будет СТОИТЬ доставка крупной посылки в ДРУГОЙ город? email: [EMAIL] списали: 497Р нужно на [DATE],сколько будет стоить доставка крупной посылки в другой город 497р,"['сколько', 'стоить', 'доставка', 'крупной', 'посылки', 'город', '497р']","['сколько', 'стоить', 'доставка', 'крупный', 'посылка', 'город', '497р']"
280,email,2026-09-06 14:07:00,Почему доставка стала платной? при оформлении БЫЛА бесплатная. нужно на 29.04.2026 | списали: 2 529 рублей | телефон: 89987899524,[],[],['89987899524'],['29.04.2026'],['2 529 рублей'],Почему доставка стала платной? при оформлении БЫЛА бесплатная. нужно на [DATE] списали: [PRICE] телефон: [PHONE],почему доставка стала платной при оформлении была бесплатная,"['почему', 'доставка', 'стала', 'платной', 'оформлении', 'бесплатная']","['почему', 'доставка', 'стать', 'платный', 'оформление', 'бесплатный']"
281,web,2026-09-11 04:49:00,Посылка вернулась отправителю Хотя срок хранения ещё не закончился. Оформлено 05.01.2027; списали: 1389р; звонить: +7-957-256-19-91; email: student2026@gmail.com,[],['student2026@gmail.com'],['+7-957-256-19-91'],['05.01.2027'],[],Посылка вернулась отправителю Хотя срок хранения ещё не закончился. Оформлено [DATE]; списали: 1389р; звонить: [PHONE]; email: [EMAIL],посылка вернулась отправителю хотя срок хранения ещё не закончился 1389р,"['посылка', 'вернулась', 'отправителю', 'хотя', 'срок', 'хранения', 'закончился', '1389р']","['посылка', 'вернуться', 'отправитель', 'хотя', 'срок', 'хранение', 'закончиться', '1389р']"
282,social,2026-09-09 13:00:00,Сколько будет стоить доставка крупной посылки в другой город???? мой номер: +7 (959) 918-65-28; ОТВЕТЬТЕ на: TEST.USER@mail.ru; сумма: 124 511 РУБЛЕЙ,[],['TEST.USER@mail.ru'],['+7 (959) 918-65-28'],[],['124 511 РУБЛЕЙ'],Сколько будет стоить доставка крупной посылки в другой город? мой номер: [PHONE]; ОТВЕТЬТЕ на: [EMAIL]; сумма: [PRICE],сколько будет стоить доставка крупной посылки в другой город ответьте на,"['сколько', 'стоить', 'доставка', 'крупной', 'посылки', 'город', 'ответьте']","['сколько', 'стоить', 'доставка', 'крупный', 'посылка', 'город', 'ответить']"
283,mobile_app,2026-08-25 06:32:00,😡 Почему доставка стала платной?? при ОФОРМЛЕНИИ была бесплатная. звонить: 89604184294 / вот страница www.track-fast.ru/page/283 / с 19/11/2026 / цена: 90 040 руб.,['www.track-fast.ru/page/283'],[],['89604184294'],['19/11/2026'],['90 040 руб.'],Почему доставка стала платной? при ОФОРМЛЕНИИ была бесплатная. звонить: [PHONE] вот страница [URL] с [DATE] цена: [PRICE],почему доставка стала платной при оформлении была бесплатная вот с,"['почему', 'доставка', 'стала', 'платной', 'оформлении', 'бесплатная']","['почему', 'доставка', 'стать', 'платный', 'оформление', 'бесплатный']"
284,mobile_app,2026-08-28 21:23:00,"Хочу Перенести доставку НА другой день, сегодня принять не смогу. сумма: 513 RUB / почта: TEST.USER@LOGI-MAIL.RU",[],['TEST.USER@LOGI-MAIL.RU'],[],[],['513 RUB'],"Хочу Перенести доставку НА другой день, сегодня принять не смогу. сумма: [PRICE] почта: [EMAIL]",хочу перенести доставку на другой день сегодня принять не смогу,"['хочу', 'перенести', 'доставку', 'день', 'сегодня', 'принять', 'смогу']","['хотеть', 'перенести', 'доставка', 'день', 'сегодня', 'принять', 'смочь']"
285,email,2026-08-23 23:49:00,"Хочу перенести доставку на другой день, сегодня принять не смогу. сумма: 90022 RUB   email: HELP.ME@MAIL.RU   URL= www.delivery-example.ru/page/285   мой Номер: +7 (969) 120-79-34",['www.delivery-example.ru/page/285'],['HELP.ME@MAIL.RU'],['+7 (969) 120-79-34'],[],['90022 RUB'],"Хочу перенести доставку на другой день, сегодня принять не смогу. сумма: [PRICE] email: [EMAIL] URL= [URL] мой Номер: [PHONE]",хочу перенести доставку на другой день сегодня принять не смогу,"['хочу', 'перенести', 'доставку', 'день', 'сегодня', 'принять', 'смогу']","['хотеть', 'перенести', 'доставка', 'день', 'сегодня', 'принять', 'смочь']"
286,mobile_app,2026-09-08 09:13:00,Сколько будет стоить доставка крупной ПОСЫЛКИ в другой город? стоимость: 90068Р | нужно На 17.04.2026 | смотрите HTTPS://WWW.TRACK-FAST.RU/SUPPORT/286?FROM=MAIL,['HTTPS://WWW.TRACK-FAST.RU/SUPPORT/286?FROM=MAIL'],[],[],['17.04.2026'],[],Сколько будет стоить доставка крупной ПОСЫЛКИ в другой город? стоимость: 90068Р нужно На [DATE] смотрите [URL],сколько будет стоить доставка крупной посылки в другой город 90068р,"['сколько', 'стоить', 'доставка', 'крупной', 'посылки', 'город', '90068р']","['сколько', 'стоить', 'доставка', 'крупный', 'посылка', 'город', '90068р']"
287,social,2026-08-23 02:53:00,😡 Почему доставка стала платной??? при оформлении была БЕСПЛАТНАЯ. нужно на 17-06-26 / стоимость: 2 541 руб. ***,[],[],[],['17-06-26'],['2 541 руб.'],Почему доставка стала платной? при оформлении была БЕСПЛАТНАЯ. нужно на [DATE] стоимость: [PRICE],почему доставка стала платной при оформлении была бесплатная,"['почему', 'доставка', 'стала', 'платной', 'оформлении', 'бесплатная']","['почему', 'доставка', 'стать', 'платный', 'оформление', 'бесплатный']"
288,email,2026-09-08 11:28:00,"Посылка ЗАВИСЛА на сортировке, статус не меняется пять дней. цена: 2547 RUB | смотрите https://www.track-fast.ru/support/288?from=mail | email: ivan.petrov@gmail.com | мой номер: +7 (977) 441-20-16",['https://www.track-fast.ru/support/288?from=mail'],['ivan.petrov@gmail.com'],['+7 (977) 441-20-16'],[],['2547 RUB'],"Посылка ЗАВИСЛА на сортировке, статус не меняется пять дней. цена: [PRICE] смотрите [URL] email: [EMAIL] мой номер: [PHONE]",посылка зависла на сортировке статус не меняется пять дней,"['посылка', 'зависла', 'сортировке', 'статус', 'меняется', 'пять', 'дней']","['посылка', 'зависнуть', 'сортировка', 'статус', 'меняться', 'пять', 'день']"
289,chat,2026-08-25 17:45:00,Сколько Будет СТОИТЬ ДОСТАВКА крупной посылки в другой ГОРОД????? звонить: 89309875363,[],[],['89309875363'],[],[],Сколько Будет СТОИТЬ ДОСТАВКА крупной посылки в другой ГОРОД? звонить: [PHONE],сколько будет стоить доставка крупной посылки в другой город,"['сколько', 'стоить', 'доставка', 'крупной', 'посылки', 'город']","['сколько', 'стоить', 'доставка', 'крупный', 'посылка', 'город']"
290,chat,2026-09-03 14:57:00,Посылка  Вернулась  отправителю ХОТЯ срок хранения ещё НЕ закончился. СУММА: 6 058 РУБ. / e-mail: STUDENT2026@LOGI-MAIL.RU / вот страница HTTPS://DELIVERY-EXAMPLE.RU/ITEM/290 / с 14/07/2026 ***,['HTTPS://DELIVERY-EXAMPLE.RU/ITEM/290'],['STUDENT2026@LOGI-MAIL.RU'],[],['14/07/2026'],['6 058 РУБ.'],Посылка Вернулась отправителю ХОТЯ срок хранения ещё НЕ закончился. СУММА: [PRICE] e-mail: [EMAIL] вот страница [URL] с [DATE],посылка вернулась отправителю хотя срок хранения ещё не закончился вот с,"['посылка', 'вернулась', 'отправителю', 'хотя', 'срок', 'хранения', 'закончился']","['посылка', 'вернуться', 'отправитель', 'хотя', 'срок', 'хранение', 'закончиться']"
291,web,2026-09-06 11:00:00,"🙂 КУРЬЕР  привёз  чужой  заказ,  мой пакет у него отсутствует. сумма: 46 043 рублей   дата 02-09-26   EMAIL: m.smirnova@logi-mail.ru",[],['m.smirnova@logi-mail.ru'],[],['02-09-26'],['46 043 рублей'],"КУРЬЕР привёз чужой заказ, мой пакет у него отсутствует. сумма: [PRICE] дата [DATE] EMAIL: [EMAIL]",курьер привёз чужой заказ мой пакет у него отсутствует,"['курьер', 'привёз', 'чужой', 'заказ', 'пакет', 'отсутствует']","['курьер', 'привезти', 'чужой', 'заказ', 'пакет', 'отсутствовать']"
292,chat,2026-08-25 09:12:00,Почему  доставка стала платной??? при оформлении была бесплатная. смотрите www.track-fast.ru/page/292 | списали: 846 RUB | email: student2026@gmail.com | С 08.12.2026,['www.track-fast.ru/page/292'],['student2026@gmail.com'],[],['08.12.2026'],['846 RUB'],Почему доставка стала платной? при оформлении была бесплатная. смотрите [URL] списали: [PRICE] email: [EMAIL] С [DATE],почему доставка стала платной при оформлении была бесплатная с,"['почему', 'доставка', 'стала', 'платной', 'оформлении', 'бесплатная']","['почему', 'доставка', 'стать', 'платный', 'оформление', 'бесплатный']"
293,mobile_app,2026-08-22 22:41:00,⚠️ Сколько  будет  стоить доставка крупной посылки в другой город??? вот страница https://www.courier-now.ru/support/293???from=mail   списали: 806 руб. ###,['https://www.courier-now.ru/support/293???from=mail'],[],[],[],['806 руб.'],⚠ Сколько будет стоить доставка крупной посылки в другой город? вот страница [URL] списали: [PRICE],сколько будет стоить доставка крупной посылки в другой город вот,"['сколько', 'стоить', 'доставка', 'крупной', 'посылки', 'город']","['сколько', 'стоить', 'доставка', 'крупный', 'посылка', 'город']"
294,social,2026-08-30 18:13:00,Сколько будет стоить доставка крупной посылки в другой город? нужно на 18.08.2026   Вот страница https://courier-now.ru/item/294   ЗВОНИТЬ: +7 958 723 8358,['https://courier-now.ru/item/294'],[],['+7 958 723 8358'],['18.08.2026'],[],Сколько будет стоить доставка крупной посылки в другой город? нужно на [DATE] Вот страница [URL] ЗВОНИТЬ: [PHONE],сколько будет стоить доставка крупной посылки в другой город вот,"['сколько', 'стоить', 'доставка', 'крупной', 'посылки', 'город']","['сколько', 'стоить', 'доставка', 'крупный', 'посылка', 'город']"
295,email,2026-08-31 01:25:00,"🔥 Курьер Привёз чужой заказ, мой пакет у него отсутствует. вот страница www.delivery-example.ru/page/295; сумма: 124500 RUB; Нужно на 08/07/2026; email: TEST.USER@logi-mail.ru",['www.delivery-example.ru/page/295'],['TEST.USER@logi-mail.ru'],[],['08/07/2026'],['124500 RUB'],"Курьер Привёз чужой заказ, мой пакет у него отсутствует. вот страница [URL]; сумма: [PRICE]; Нужно на [DATE]; email: [EMAIL]",курьер привёз чужой заказ мой пакет у него отсутствует вот,"['курьер', 'привёз', 'чужой', 'заказ', 'пакет', 'отсутствует']","['курьер', 'привезти', 'чужой', 'заказ', 'пакет', 'отсутствовать']"
296,email,2026-09-04 01:20:00,⚠️ Не получается найти отправление по трек номеру. оформлено 2027-01-25; ВОТ страница https://www.delivery-example.ru/support/296?from=mail,['https://www.delivery-example.ru/support/296?from=mail'],[],[],['2027-01-25'],[],⚠ Не получается найти отправление по трек номеру. оформлено [DATE]; ВОТ страница [URL],не получается найти отправление по трек номеру вот,"['получается', 'найти', 'отправление', 'трек', 'номеру']","['получаться', 'найти', 'отправление', 'трек', 'номер']"
297,social,2026-08-23 02:31:00,"Хочу  перенести  доставку  на другой день, сегодня принять не смогу. ОФОРМЛЕНО 06.05.2026   ТЕЛЕФОН: +7 990 848 4385   Ссылка: www.courier-now.ru/page/297   цена: 46084р",['www.courier-now.ru/page/297'],[],['+7 990 848 4385'],['06.05.2026'],[],"Хочу перенести доставку на другой день, сегодня принять не смогу. ОФОРМЛЕНО [DATE] ТЕЛЕФОН: [PHONE] Ссылка: [URL] цена: 46084р",хочу перенести доставку на другой день сегодня принять не смогу 46084р,"['хочу', 'перенести', 'доставку', 'день', 'сегодня', 'принять', 'смогу', '46084р']","['хотеть', 'перенести', 'доставка', 'день', 'сегодня', 'принять', 'смочь', '46084р']"
298,email,2026-08-26 05:00:00,📌 Посылка  вернулась  Отправителю Хотя срок Хранения ещё не закончился. ответьте на: m.smirnova@gmail.com / цена: 90 010 рублей,[],['m.smirnova@gmail.com'],[],[],['90 010 рублей'],Посылка вернулась Отправителю Хотя срок Хранения ещё не закончился. ответьте на: [EMAIL] цена: [PRICE],посылка вернулась отправителю хотя срок хранения ещё не закончился ответьте на,"['посылка', 'вернулась', 'отправителю', 'хотя', 'срок', 'хранения', 'закончился', 'ответьте']","['посылка', 'вернуться', 'отправитель', 'хотя', 'срок', 'хранение', 'закончиться', 'ответить']"
299,social,2026-08-29 07:55:00,Курьер не позвонил и ОТМЕТИЛ что меня Не было дома. вот страница https://www.track-fast.ru/support/299?????from=mail   email: IVAN.PETROV@MAIL.RU ###,['https://www.track-fast.ru/support/299?????from=mail'],['IVAN.PETROV@MAIL.RU'],[],[],[],Курьер не позвонил и ОТМЕТИЛ что меня Не было дома. вот страница [URL] email: [EMAIL],курьер не позвонил и отметил что меня не было дома вот,"['курьер', 'позвонил', 'отметил', 'дома']","['курьер', 'позвонить', 'отметить', 'дом']"
300,web,2026-08-22 11:45:00,Сколько  будет стоить доставка крупной посылки в другой город? списали: 13002 RUB; ответьте НА: help.me@yandex.ru,[],['help.me@yandex.ru'],[],[],['13002 RUB'],Сколько будет стоить доставка крупной посылки в другой город? списали: [PRICE]; ответьте НА: [EMAIL],сколько будет стоить доставка крупной посылки в другой город ответьте на,"['сколько', 'стоить', 'доставка', 'крупной', 'посылки', 'город', 'ответьте']","['сколько', 'стоить', 'доставка', 'крупный', 'посылка', 'город', 'ответить']"
301,web,2026-09-03 03:01:00,"Коробка  приехала помятая, ВНУТРИ товар Повреждён. списали: 1 327 рублей; email: user_2485@mail.ru",[],['user_2485@mail.ru'],[],[],['1 327 рублей'],"Коробка приехала помятая, ВНУТРИ товар Повреждён. списали: [PRICE]; email: [EMAIL]",коробка приехала помятая внутри товар повреждён,"['коробка', 'приехала', 'помятая', 'внутри', 'товар', 'повреждён']","['коробка', 'приехать', 'помятый', 'внутри', 'товар', 'повредить']"
302,mobile_app,2026-08-25 10:26:00,"📌 ХОЧУ перенести доставку на другой день, сегодня принять не смогу. цена: 506 ₽ | с 16.06.2026 | ОТВЕТЬТЕ на: student2026@gmail.com | вот страница https://track-fast.ru/item/302",['https://track-fast.ru/item/302'],['student2026@gmail.com'],[],['16.06.2026'],['506 ₽'],"ХОЧУ перенести доставку на другой день, сегодня принять не смогу. цена: [PRICE] с [DATE] ОТВЕТЬТЕ на: [EMAIL] вот страница [URL]",хочу перенести доставку на другой день сегодня принять не смогу с ответьте на вот,"['хочу', 'перенести', 'доставку', 'день', 'сегодня', 'принять', 'смогу', 'ответьте']","['хотеть', 'перенести', 'доставка', 'день', 'сегодня', 'принять', 'смочь', 'ответить']"
303,mobile_app,2026-09-08 17:23:00,"Коробка приехала помятая, Внутри Товар повреждён. стоимость: 90 089 руб. ???",[],[],[],[],['90 089 руб.'],"Коробка приехала помятая, Внутри Товар повреждён. стоимость: [PRICE] ?",коробка приехала помятая внутри товар повреждён,"['коробка', 'приехала', 'помятая', 'внутри', 'товар', 'повреждён']","['коробка', 'приехать', 'помятый', 'внутри', 'товар', 'повредить']"
304,mobile_app,2026-08-23 10:08:00,Сколько будет стоить доставка крупной посылки В другой город???? Цена: 199903 RUB   дата 01/11/2026   тел: 8 910 968 63 99,[],[],['8 910 968 63 99'],['01/11/2026'],['199903 RUB'],Сколько будет стоить доставка крупной посылки В другой город? Цена: [PRICE] дата [DATE] тел: [PHONE],сколько будет стоить доставка крупной посылки в другой город,"['сколько', 'стоить', 'доставка', 'крупной', 'посылки', 'город']","['сколько', 'стоить', 'доставка', 'крупный', 'посылка', 'город']"
305,social,2026-09-07 23:46:00,Посылка вернулась ОТПРАВИТЕЛЮ хотя срок ХРАНЕНИЯ ещё НЕ закончился. почта: help.me@mail.ru; телефон: +7 (961) 125-81-98; смотрите Https://track-fast.ru/item/305; дата 19.04.2026,['Https://track-fast.ru/item/305'],['help.me@mail.ru'],['+7 (961) 125-81-98'],['19.04.2026'],[],Посылка вернулась ОТПРАВИТЕЛЮ хотя срок ХРАНЕНИЯ ещё НЕ закончился. почта: [EMAIL]; телефон: [PHONE]; смотрите [URL]; дата [DATE],посылка вернулась отправителю хотя срок хранения ещё не закончился,"['посылка', 'вернулась', 'отправителю', 'хотя', 'срок', 'хранения', 'закончился']","['посылка', 'вернуться', 'отправитель', 'хотя', 'срок', 'хранение', 'закончиться']"
306,email,2026-08-21 23:56:00,"Коробка  приехала  помятая, внутри товар повреждён. дата 07/05/2026   цена: 801 Rub ***",[],[],[],['07/05/2026'],['801 Rub'],"Коробка приехала помятая, внутри товар повреждён. дата [DATE] цена: [PRICE]",коробка приехала помятая внутри товар повреждён,"['коробка', 'приехала', 'помятая', 'внутри', 'товар', 'повреждён']","['коробка', 'приехать', 'помятый', 'внутри', 'товар', 'повредить']"
307,mobile_app,2026-08-31 08:03:00,Нужно изменить адрес ДОСТАВКИ по отправлению №61277. Email: Ivan.petrov@yandex.ru; URL= HTTPS://COURIER-NOW.RU/ITEM/307; нужно на 18.01.2027,['HTTPS://COURIER-NOW.RU/ITEM/307'],['Ivan.petrov@yandex.ru'],[],['18.01.2027'],[],Нужно изменить адрес ДОСТАВКИ по отправлению №61277. Email: [EMAIL]; URL= [URL]; нужно на [DATE],нужно изменить адрес доставки по отправлению,"['нужно', 'изменить', 'адрес', 'доставки', 'отправлению']","['нужно', 'изменить', 'адрес', 'доставка', 'отправление']"
308,chat,2026-09-02 20:10:00,Не получается найти отправление по трек Номеру. email: user_6329@gmail.com / цена: 1 290 РУБЛЕЙ / звонить: +7 922 565 3579,[],['user_6329@gmail.com'],['+7 922 565 3579'],[],['1 290 РУБЛЕЙ'],Не получается найти отправление по трек Номеру. email: [EMAIL] цена: [PRICE] звонить: [PHONE],не получается найти отправление по трек номеру,"['получается', 'найти', 'отправление', 'трек', 'номеру']","['получаться', 'найти', 'отправление', 'трек', 'номер']"
309,email,2026-09-05 09:26:00,"⚠️ Коробка приехала помятая, внутри товар повреждён. звонить: +7 (994) 594-62-40 / почта: student2026@yandex.ru / сумма: 13 087 ₽",[],['student2026@yandex.ru'],['+7 (994) 594-62-40'],[],['13 087 ₽'],"⚠ Коробка приехала помятая, внутри товар повреждён. звонить: [PHONE] почта: [EMAIL] сумма: [PRICE]",коробка приехала помятая внутри товар повреждён,"['коробка', 'приехала', 'помятая', 'внутри', 'товар', 'повреждён']","['коробка', 'приехать', 'помятый', 'внутри', 'товар', 'повредить']"
310,mobile_app,2026-08-28 00:27:00,Курьер не позвонил и отметил что меня не было дома. Ссылка: WWW.COURIER-NOW.RU/PAGE/310 | сумма: 6002 RUB | почта: ivan.petrov@mail.ru | тел: 89508243995 | оформлено 19/03/2026,['WWW.COURIER-NOW.RU/PAGE/310'],['ivan.petrov@mail.ru'],['89508243995'],['19/03/2026'],['6002 RUB'],Курьер не позвонил и отметил что меня не было дома. Ссылка: [URL] сумма: [PRICE] почта: [EMAIL] тел: [PHONE] оформлено [DATE],курьер не позвонил и отметил что меня не было дома,"['курьер', 'позвонил', 'отметил', 'дома']","['курьер', 'позвонить', 'отметить', 'дом']"
311,chat,2026-09-07 19:14:00,Курьер не позвонил и отметил что МЕНЯ не БЫЛО дома. URL= https://delivery-example.ru/item/311 / списали: 46017р,['https://delivery-example.ru/item/311'],[],[],[],[],Курьер не позвонил и отметил что МЕНЯ не БЫЛО дома. URL= [URL] списали: 46017р,курьер не позвонил и отметил что меня не было дома 46017р,"['курьер', 'позвонил', 'отметил', 'дома', '46017р']","['курьер', 'позвонить', 'отметить', 'дом', '46017р']"
312,email,2026-09-13 08:30:00,"Курьер  ПРИВЁЗ чужой заказ, МОЙ пакет у него отсутствует. списали: 90 076 руб. / email: M.SMIRNOVA@LOGI-MAIL.RU / смотрите www.delivery-example.ru/page/312",['www.delivery-example.ru/page/312'],['M.SMIRNOVA@LOGI-MAIL.RU'],[],[],['90 076 руб.'],"Курьер ПРИВЁЗ чужой заказ, МОЙ пакет у него отсутствует. списали: [PRICE] email: [EMAIL] смотрите [URL]",курьер привёз чужой заказ мой пакет у него отсутствует,"['курьер', 'привёз', 'чужой', 'заказ', 'пакет', 'отсутствует']","['курьер', 'привезти', 'чужой', 'заказ', 'пакет', 'отсутствовать']"
313,web,2026-09-02 09:31:00,"Курьер привёз чужой заказ, мой пакет у него отсутствует. сумма: 46 084 рублей / мой номер: +7 933 670 1818",[],[],['+7 933 670 1818'],[],['46 084 рублей'],"Курьер привёз чужой заказ, мой пакет у него отсутствует. сумма: [PRICE] мой номер: [PHONE]",курьер привёз чужой заказ мой пакет у него отсутствует,"['курьер', 'привёз', 'чужой', 'заказ', 'пакет', 'отсутствует']","['курьер', 'привезти', 'чужой', 'заказ', 'пакет', 'отсутствовать']"
314,mobile_app,2026-08-22 23:45:00,Не получается найти отправление ПО ТРЕК номеру. сумма: 2 543 руб.,[],[],[],[],['2 543 руб.'],Не получается найти отправление ПО ТРЕК номеру. сумма: [PRICE],не получается найти отправление по трек номеру,"['получается', 'найти', 'отправление', 'трек', 'номеру']","['получаться', 'найти', 'отправление', 'трек', 'номер']"
315,chat,2026-09-02 02:32:00,⚠️ Не  получается найти отправление По трек номеру. цена: 90043 RUB,[],[],[],[],['90043 RUB'],⚠ Не получается найти отправление По трек номеру. цена: [PRICE],не получается найти отправление по трек номеру,"['получается', 'найти', 'отправление', 'трек', 'номеру']","['получаться', 'найти', 'отправление', 'трек', 'номер']"
316,mobile_app,2026-09-15 09:28:00,😡 Сколько будет стоить доставка крупной посылки В другой город??? цена: 13 027 руб. / URL= http://track-fast.ru/order??id=1316 / тел: +7 900 913 1151 / дата 2026-06-18,['http://track-fast.ru/order??id=1316'],[],['+7 900 913 1151'],['2026-06-18'],['13 027 руб.'],Сколько будет стоить доставка крупной посылки В другой город? цена: [PRICE] URL= [URL] тел: [PHONE] дата [DATE],сколько будет стоить доставка крупной посылки в другой город,"['сколько', 'стоить', 'доставка', 'крупной', 'посылки', 'город']","['сколько', 'стоить', 'доставка', 'крупный', 'посылка', 'город']"
317,web,2026-09-08 07:41:00,🙂 Не получается найти Отправление по трек номеру. сумма: 2 587 руб. | С 27.02.2027 | ответьте на: student2026@gmail.com ???,[],['student2026@gmail.com'],[],['27.02.2027'],['2 587 руб.'],Не получается найти Отправление по трек номеру. сумма: [PRICE] С [DATE] ответьте на: [EMAIL] ?,не получается найти отправление по трек номеру с ответьте на,"['получается', 'найти', 'отправление', 'трек', 'номеру', 'ответьте']","['получаться', 'найти', 'отправление', 'трек', 'номер', 'ответить']"
318,chat,2026-09-13 02:07:00,🔥 Нужно изменить адрес доставки По ОТПРАВЛЕНИЮ №52678. списали: 45 995 рублей   с 25.02.2027   email: help.me@logi-mail.ru   вот страница www.courier-now.ru/page/318,['www.courier-now.ru/page/318'],['help.me@logi-mail.ru'],[],['25.02.2027'],['45 995 рублей'],Нужно изменить адрес доставки По ОТПРАВЛЕНИЮ №52678. списали: [PRICE] с [DATE] email: [EMAIL] вот страница [URL],нужно изменить адрес доставки по отправлению с вот,"['нужно', 'изменить', 'адрес', 'доставки', 'отправлению']","['нужно', 'изменить', 'адрес', 'доставка', 'отправление']"
319,mobile_app,2026-09-03 02:18:00,Нужно  изменить  адрес доставки по отправлению №36855. стоимость: 586 RUB,[],[],[],[],['586 RUB'],Нужно изменить адрес доставки по отправлению №36855. стоимость: [PRICE],нужно изменить адрес доставки по отправлению,"['нужно', 'изменить', 'адрес', 'доставки', 'отправлению']","['нужно', 'изменить', 'адрес', 'доставка', 'отправление']"
320,social,2026-09-10 05:14:00,"📌 Посылка зависла на сортировке, статус не меняется пять дней. списали: 12999 RUB; email: USER_3719@YANDEX.RU; Ссылка: https://courier-now.ru/item/320",['https://courier-now.ru/item/320'],['USER_3719@YANDEX.RU'],[],[],['12999 RUB'],"Посылка зависла на сортировке, статус не меняется пять дней. списали: [PRICE]; email: [EMAIL]; Ссылка: [URL]",посылка зависла на сортировке статус не меняется пять дней,"['посылка', 'зависла', 'сортировке', 'статус', 'меняется', 'пять', 'дней']","['посылка', 'зависнуть', 'сортировка', 'статус', 'меняться', 'пять', 'день']"
321,chat,2026-09-08 10:22:00,"Хочу перенести доставку на другой день, сегодня принять не смогу. телефон: +7 960 925 4791   Ссылка: Www.courier-now.ru/page/321",['Www.courier-now.ru/page/321'],[],['+7 960 925 4791'],[],[],"Хочу перенести доставку на другой день, сегодня принять не смогу. телефон: [PHONE] Ссылка: [URL]",хочу перенести доставку на другой день сегодня принять не смогу,"['хочу', 'перенести', 'доставку', 'день', 'сегодня', 'принять', 'смогу']","['хотеть', 'перенести', 'доставка', 'день', 'сегодня', 'принять', 'смочь']"
322,web,2026-09-11 18:28:00,⚠️ Почему ДОСТАВКА стала платной? при оформлении была бесплатная. с 2026-09-28; ответьте на: Ivan.petrov@gmail.com; вот СТРАНИЦА https://www.courier-now.ru/support/322?from=mail,['https://www.courier-now.ru/support/322?from=mail'],['Ivan.petrov@gmail.com'],[],['2026-09-28'],[],⚠ Почему ДОСТАВКА стала платной? при оформлении была бесплатная. с [DATE]; ответьте на: [EMAIL]; вот СТРАНИЦА [URL],почему доставка стала платной при оформлении была бесплатная с ответьте на вот,"['почему', 'доставка', 'стала', 'платной', 'оформлении', 'бесплатная', 'ответьте']","['почему', 'доставка', 'стать', 'платный', 'оформление', 'бесплатный', 'ответить']"
323,mobile_app,2026-09-11 06:26:00,Не получается найти отправление по трек номеру. ЗВОНИТЬ: +7-963-387-51-88 | стоимость: 90 037 ₽ | email: IVAN.PETROV@GMAIL.COM,[],['IVAN.PETROV@GMAIL.COM'],['+7-963-387-51-88'],[],['90 037 ₽'],Не получается найти отправление по трек номеру. ЗВОНИТЬ: [PHONE] стоимость: [PRICE] email: [EMAIL],не получается найти отправление по трек номеру,"['получается', 'найти', 'отправление', 'трек', 'номеру']","['получаться', 'найти', 'отправление', 'трек', 'номер']"
324,email,2026-08-28 00:27:00,📌 Почему доставка стала платной? при оформлении была бесплатная. списали: 124584 RUB / смотрите https://delivery-example.ru/item/324 / телефон: +7-999-996-71-27 ...,['https://delivery-example.ru/item/324'],[],['+7-999-996-71-27'],[],['124584 RUB'],Почему доставка стала платной? при оформлении была бесплатная. списали: [PRICE] смотрите [URL] телефон: [PHONE] .,почему доставка стала платной при оформлении была бесплатная,"['почему', 'доставка', 'стала', 'платной', 'оформлении', 'бесплатная']","['почему', 'доставка', 'стать', 'платный', 'оформление', 'бесплатный']"
325,web,2026-09-03 16:47:00,"Посылка  зависла  на  сортировке, статус не МЕНЯЕТСЯ пять дней. Ссылка: http://track-fast.ru/order???id=1325 | списали: 199972Р ...",['http://track-fast.ru/order???id=1325'],[],[],[],[],"Посылка зависла на сортировке, статус не МЕНЯЕТСЯ пять дней. Ссылка: [URL] списали: 199972Р .",посылка зависла на сортировке статус не меняется пять дней 199972р,"['посылка', 'зависла', 'сортировке', 'статус', 'меняется', 'пять', 'дней', '199972р']","['посылка', 'зависнуть', 'сортировка', 'статус', 'меняться', 'пять', 'день', '199972р']"
326,mobile_app,2026-08-25 16:47:00,"🔥 Коробка  приехала  ПОМЯТАЯ,  внутри товар повреждён. С 03/10/2026   списали: 90 062 рублей   URL= https://delivery-example.ru/item/326   ТЕЛЕФОН: 8 940 644 40 86",['https://delivery-example.ru/item/326'],[],['8 940 644 40 86'],['03/10/2026'],['90 062 рублей'],"Коробка приехала ПОМЯТАЯ, внутри товар повреждён. С [DATE] списали: [PRICE] URL= [URL] ТЕЛЕФОН: [PHONE]",коробка приехала помятая внутри товар повреждён с,"['коробка', 'приехала', 'помятая', 'внутри', 'товар', 'повреждён']","['коробка', 'приехать', 'помятый', 'внутри', 'товар', 'повредить']"
327,email,2026-08-26 12:29:00,Не получается найти ОТПРАВЛЕНИЕ по ТРЕК номеру. сумма: 587 РУБЛЕЙ | ДАТА 2026-10-22 | Email: help.me@gmail.com ###,[],['help.me@gmail.com'],[],['2026-10-22'],['587 РУБЛЕЙ'],Не получается найти ОТПРАВЛЕНИЕ по ТРЕК номеру. сумма: [PRICE] ДАТА [DATE] Email: [EMAIL],не получается найти отправление по трек номеру,"['получается', 'найти', 'отправление', 'трек', 'номеру']","['получаться', 'найти', 'отправление', 'трек', 'номер']"
328,social,2026-09-07 08:29:00,"Коробка приехала ПОМЯТАЯ, внутри товар повреждён. сумма: 862р   оформлено 03-12-26 ...",[],[],[],['03-12-26'],[],"Коробка приехала ПОМЯТАЯ, внутри товар повреждён. сумма: 862р оформлено [DATE] .",коробка приехала помятая внутри товар повреждён 862р,"['коробка', 'приехала', 'помятая', 'внутри', 'товар', 'повреждён', '862р']","['коробка', 'приехать', 'помятый', 'внутри', 'товар', 'повредить', '862р']"
329,mobile_app,2026-09-11 22:45:00,Курьер НЕ позвонил и отметил что меня не было дома. тел: +7 955 611 6168; Ссылка: https://delivery-example.ru/item/329; цена: 13089 RUB,['https://delivery-example.ru/item/329'],[],['+7 955 611 6168'],[],['13089 RUB'],Курьер НЕ позвонил и отметил что меня не было дома. тел: [PHONE]; Ссылка: [URL]; цена: [PRICE],курьер не позвонил и отметил что меня не было дома,"['курьер', 'позвонил', 'отметил', 'дома']","['курьер', 'позвонить', 'отметить', 'дом']"
330,mobile_app,2026-08-25 06:59:00,Почему  Доствка  стала платной???? при оформлении была бесплатная. НУЖНО НА 17-01-27,[],[],[],['17-01-27'],[],Почему Доствка стала платной? при оформлении была бесплатная. НУЖНО НА [DATE],почему доствка стала платной при оформлении была бесплатная,"['почему', 'доствка', 'стала', 'платной', 'оформлении', 'бесплатная']","['почему', 'доствка', 'стать', 'платный', 'оформление', 'бесплатный']"
331,chat,2026-09-13 21:01:00,"Посылка  зависла  на  сортировке, статус не меняется пять дней. мой номер: +7 (937) 569-55-45 / URL= https://delivery-example.ru/item/331 / нужно на 22/07/2026",['https://delivery-example.ru/item/331'],[],['+7 (937) 569-55-45'],['22/07/2026'],[],"Посылка зависла на сортировке, статус не меняется пять дней. мой номер: [PHONE] URL= [URL] нужно на [DATE]",посылка зависла на сортировке статус не меняется пять дней,"['посылка', 'зависла', 'сортировке', 'статус', 'меняется', 'пять', 'дней']","['посылка', 'зависнуть', 'сортировка', 'статус', 'меняться', 'пять', 'день']"
332,email,2026-08-20 00:32:00,Не  получается  найти  отправление  по трек номеру. смотрите www.courier-now.ru/page/332 | почта: ivan.petrov@gmail.com ...,['www.courier-now.ru/page/332'],['ivan.petrov@gmail.com'],[],[],[],Не получается найти отправление по трек номеру. смотрите [URL] почта: [EMAIL] .,не получается найти отправление по трек номеру,"['получается', 'найти', 'отправление', 'трек', 'номеру']","['получаться', 'найти', 'отправление', 'трек', 'номер']"
333,email,2026-08-22 03:16:00,Посылка  вернулась  отправителю  Хотя срок хранения ещё не закончился. Почта: TEST.USER@mail.ru | цена: 6 044 ₽ | МОЙ НОМЕР: 8 922 731 17 11,[],['TEST.USER@mail.ru'],['8 922 731 17 11'],[],['6 044 ₽'],Посылка вернулась отправителю Хотя срок хранения ещё не закончился. Почта: [EMAIL] цена: [PRICE] МОЙ НОМЕР: [PHONE],посылка вернулась отправителю хотя срок хранения ещё не закончился,"['посылка', 'вернулась', 'отправителю', 'хотя', 'срок', 'хранения', 'закончился']","['посылка', 'вернуться', 'отправитель', 'хотя', 'срок', 'хранение', 'закончиться']"
334,mobile_app,2026-09-06 12:05:00,"Коробка приехала помятая, внутри товар повреждён. Дата 02/01/2027 ???",[],[],[],['02/01/2027'],[],"Коробка приехала помятая, внутри товар повреждён. Дата [DATE] ?",коробка приехала помятая внутри товар повреждён,"['коробка', 'приехала', 'помятая', 'внутри', 'товар', 'повреждён']","['коробка', 'приехать', 'помятый', 'внутри', 'товар', 'повредить']"
335,email,2026-08-29 22:35:00,"Коробка  приехала  помятая,  внутри  Товар ПОВРЕЖДЁН. звонить: +7-913-549-20-77 / цена: 2 504 ₽ / URL= https://www.delivery-example.ru/support/335?????from=mail / дата 17-06-26",['https://www.delivery-example.ru/support/335?????from=mail'],[],['+7-913-549-20-77'],['17-06-26'],['2 504 ₽'],"Коробка приехала помятая, внутри Товар ПОВРЕЖДЁН. звонить: [PHONE] цена: [PRICE] URL= [URL] дата [DATE]",коробка приехала помятая внутри товар повреждён,"['коробка', 'приехала', 'помятая', 'внутри', 'товар', 'повреждён']","['коробка', 'приехать', 'помятый', 'внутри', 'товар', 'повредить']"
336,web,2026-08-25 19:46:00,Посылка вернулась отправителю хотя срок хранения ещё не закончился. Дата 19/08/2026; цена: 507 руб.; мой номер: 8 919 910 30 14,[],[],['8 919 910 30 14'],['19/08/2026'],['507 руб.'],Посылка вернулась отправителю хотя срок хранения ещё не закончился. Дата [DATE]; цена: [PRICE]; мой номер: [PHONE],посылка вернулась отправителю хотя срок хранения ещё не закончился,"['посылка', 'вернулась', 'отправителю', 'хотя', 'срок', 'хранения', 'закончился']","['посылка', 'вернуться', 'отправитель', 'хотя', 'срок', 'хранение', 'закончиться']"
337,web,2026-09-14 16:46:00,"🔥 Курьер привёз Чужой заказ, мой пакет у него ОТСУТСТВУЕТ. ОФОРМЛЕНО 10-11-26",[],[],[],['10-11-26'],[],"Курьер привёз Чужой заказ, мой пакет у него ОТСУТСТВУЕТ. ОФОРМЛЕНО [DATE]",курьер привёз чужой заказ мой пакет у него отсутствует,"['курьер', 'привёз', 'чужой', 'заказ', 'пакет', 'отсутствует']","['курьер', 'привезти', 'чужой', 'заказ', 'пакет', 'отсутствовать']"
338,web,2026-08-28 23:26:00,Не получается найти отправление по трек номеру. почта: m.smirnova@logi-mail.ru; списали: 841 ₽; URL= http://delivery-example.ru/order???id=1338; мой номер: +7 (941) 507-58-71,['http://delivery-example.ru/order???id=1338'],['m.smirnova@logi-mail.ru'],['+7 (941) 507-58-71'],[],['841 ₽'],Не получается найти отправление по трек номеру. почта: [EMAIL]; списали: [PRICE]; URL= [URL]; мой номер: [PHONE],не получается найти отправление по трек номеру,"['получается', 'найти', 'отправление', 'трек', 'номеру']","['получаться', 'найти', 'отправление', 'трек', 'номер']"
339,social,2026-08-21 12:42:00,"🔥 Посылка  ЗАВИСЛА  на Сортировке, статус не Меняется пять дней. сумма: 124 570 ₽",[],[],[],[],['124 570 ₽'],"Посылка ЗАВИСЛА на Сортировке, статус не Меняется пять дней. сумма: [PRICE]",посылка зависла на сортировке статус не меняется пять дней,"['посылка', 'зависла', 'сортировке', 'статус', 'меняется', 'пять', 'дней']","['посылка', 'зависнуть', 'сортировка', 'статус', 'меняться', 'пять', 'день']"
340,email,2026-09-03 19:52:00,"Хочу  перенести  доставку на ДРУГОЙ день, сегодня принять не СМОГУ. смотрите https://www.courier-now.ru/support/340?????from=mail; сумма: 46013Р; звонить: +7 (978) 220-86-87",['https://www.courier-now.ru/support/340?????from=mail'],[],['+7 (978) 220-86-87'],[],[],"Хочу перенести доставку на ДРУГОЙ день, сегодня принять не СМОГУ. смотрите [URL]; сумма: 46013Р; звонить: [PHONE]",хочу перенести доставку на другой день сегодня принять не смогу 46013р,"['хочу', 'перенести', 'доставку', 'день', 'сегодня', 'принять', 'смогу', '46013р']","['хотеть', 'перенести', 'доставка', 'день', 'сегодня', 'принять', 'смочь', '46013р']"
341,email,2026-09-11 21:58:00,Нужно изменить адрес доставки по отправлению №36744. нужно на 26-09-26,[],[],[],['26-09-26'],[],Нужно изменить адрес доставки по отправлению №36744. нужно на [DATE],нужно изменить адрес доставки по отправлению,"['нужно', 'изменить', 'адрес', 'доставки', 'отправлению']","['нужно', 'изменить', 'адрес', 'доставка', 'отправление']"
342,chat,2026-09-08 04:28:00,"🔥 Хочу  перенести  доставку на другой день, севодня принять НЕ смогу. E-MAIL: help.me@mail.ru   дата 2027-02-22   стоимость: 1 334 ₽",[],['help.me@mail.ru'],[],['2027-02-22'],['1 334 ₽'],"Хочу перенести доставку на другой день, севодня принять НЕ смогу. E-MAIL: [EMAIL] дата [DATE] стоимость: [PRICE]",хочу перенести доставку на другой день севодня принять не смогу,"['хочу', 'перенести', 'доставку', 'день', 'севодня', 'принять', 'смогу']","['хотеть', 'перенести', 'доставка', 'день', 'севодень', 'принять', 'смочь']"
343,social,2026-08-22 07:31:00,"🙂 Коробка приехала помятая, внутри товар Повреждён. звонить: +7-985-937-53-87   сумма: 90 035 РУБ.   почта: help.me@logi-mail.ru",[],['help.me@logi-mail.ru'],['+7-985-937-53-87'],[],['90 035 РУБ.'],"Коробка приехала помятая, внутри товар Повреждён. звонить: [PHONE] сумма: [PRICE] почта: [EMAIL]",коробка приехала помятая внутри товар повреждён,"['коробка', 'приехала', 'помятая', 'внутри', 'товар', 'повреждён']","['коробка', 'приехать', 'помятый', 'внутри', 'товар', 'повредить']"
344,chat,2026-09-09 00:17:00,Посылка вернулась отправителю хотя срок хранения ещё не закончился. тел: 8 968 435 23 79; сумма: 2 561 руб.,[],[],['8 968 435 23 79'],[],['2 561 руб.'],Посылка вернулась отправителю хотя срок хранения ещё не закончился. тел: [PHONE]; сумма: [PRICE],посылка вернулась отправителю хотя срок хранения ещё не закончился,"['посылка', 'вернулась', 'отправителю', 'хотя', 'срок', 'хранения', 'закончился']","['посылка', 'вернуться', 'отправитель', 'хотя', 'срок', 'хранение', 'закончиться']"
345,email,2026-09-16 20:29:00,"Коробка приехала помятая, внутри ТОВАР повреждён. вот Страница https://www.delivery-example.ru/support/345?????from=mail; стоимость: 124 526 ₽; звонить: +7 939 396 2020; Оформлено 07-02-27 ???",['https://www.delivery-example.ru/support/345?????from=mail'],[],['+7 939 396 2020'],['07-02-27'],['124 526 ₽'],"Коробка приехала помятая, внутри ТОВАР повреждён. вот Страница [URL]; стоимость: [PRICE]; звонить: [PHONE]; Оформлено [DATE] ?",коробка приехала помятая внутри товар повреждён вот,"['коробка', 'приехала', 'помятая', 'внутри', 'товар', 'повреждён']","['коробка', 'приехать', 'помятый', 'внутри', 'товар', 'повредить']"
346,email,2026-09-15 08:57:00,Посылка вернулась отправителю хотя срок ХРАНЕНИЯ ещё НЕ закончился. ДАТА 11.12.2026 / стоимость: 2 551 рублей / телефон: 8 964 591 35 63,[],[],['8 964 591 35 63'],['11.12.2026'],['2 551 рублей'],Посылка вернулась отправителю хотя срок ХРАНЕНИЯ ещё НЕ закончился. ДАТА [DATE] стоимость: [PRICE] телефон: [PHONE],посылка вернулась отправителю хотя срок хранения ещё не закончился,"['посылка', 'вернулась', 'отправителю', 'хотя', 'срок', 'хранения', 'закончился']","['посылка', 'вернуться', 'отправитель', 'хотя', 'срок', 'хранение', 'закончиться']"
347,chat,2026-09-06 19:46:00,"Хочу перенести доставку на другой день, сегодня принять не смогу. почта: ivan.petrov@mail.ru | Ссылка: https://www.delivery-example.ru/support/347?????from=mail | нужно На 15/10/2026",['https://www.delivery-example.ru/support/347?????from=mail'],['ivan.petrov@mail.ru'],[],['15/10/2026'],[],"Хочу перенести доставку на другой день, сегодня принять не смогу. почта: [EMAIL] Ссылка: [URL] нужно На [DATE]",хочу перенести доставку на другой день сегодня принять не смогу,"['хочу', 'перенести', 'доставку', 'день', 'сегодня', 'принять', 'смогу']","['хотеть', 'перенести', 'доставка', 'день', 'сегодня', 'принять', 'смочь']"
348,chat,2026-09-11 16:36:00,"Хочу перенести доставку на другой день, сегодня ПРИНЯТЬ не смогу. тел: +7 967 947 2592 | почта: m.smirnova@mail.ru | смотрите www.track-fast.ru/page/348 | сумма: 90007р",['www.track-fast.ru/page/348'],['m.smirnova@mail.ru'],['+7 967 947 2592'],[],[],"Хочу перенести доставку на другой день, сегодня ПРИНЯТЬ не смогу. тел: [PHONE] почта: [EMAIL] смотрите [URL] сумма: 90007р",хочу перенести доставку на другой день сегодня принять не смогу 90007р,"['хочу', 'перенести', 'доставку', 'день', 'сегодня', 'принять', 'смогу', '90007р']","['хотеть', 'перенести', 'доставка', 'день', 'сегодня', 'принять', 'смочь', '90007р']"
349,web,2026-09-09 22:34:00,Почему доставка стала платной? при оформлении Была бесплатная. списали: 13 003 рублей / ТЕЛ: 89333623734,[],[],['89333623734'],[],['13 003 рублей'],Почему доставка стала платной? при оформлении Была бесплатная. списали: [PRICE] ТЕЛ: [PHONE],почему доставка стала платной при оформлении была бесплатная,"['почему', 'доставка', 'стала', 'платной', 'оформлении', 'бесплатная']","['почему', 'доставка', 'стать', 'платный', 'оформление', 'бесплатный']"
350,social,2026-09-02 03:26:00,Нужно изменить Адрес доставки по Отправлению №98358. звонить: 8 913 911 84 80 | e-mail: HELP.ME@GMAIL.COM | ДАТА 11/02/2027 | Ссылка: www.delivery-example.ru/page/350 | Стоимость: 585 RUB,['www.delivery-example.ru/page/350'],['HELP.ME@GMAIL.COM'],['8 913 911 84 80'],['11/02/2027'],['585 RUB'],Нужно изменить Адрес доставки по Отправлению №98358. звонить: [PHONE] e-mail: [EMAIL] ДАТА [DATE] Ссылка: [URL] Стоимость: [PRICE],нужно изменить адрес доставки по отправлению,"['нужно', 'изменить', 'адрес', 'доставки', 'отправлению']","['нужно', 'изменить', 'адрес', 'доставка', 'отправление']"
351,mobile_app,2026-08-21 20:41:00,Посылка  вернулась  ОТПРАВИТЕЛЮ хотя срок хранения ЕЩЁ не закончился. сумма: 13004р | Ссылка: http://delivery-example.ru/order????id=1351 | e-mail: Ivan.petrov@gmail.com,['http://delivery-example.ru/order????id=1351'],['Ivan.petrov@gmail.com'],[],[],[],Посылка вернулась ОТПРАВИТЕЛЮ хотя срок хранения ЕЩЁ не закончился. сумма: 13004р Ссылка: [URL] e-mail: [EMAIL],посылка вернулась отправителю хотя срок хранения ещё не закончился 13004р,"['посылка', 'вернулась', 'отправителю', 'хотя', 'срок', 'хранения', 'закончился', '13004р']","['посылка', 'вернуться', 'отправитель', 'хотя', 'срок', 'хранение', 'закончиться', '13004р']"
352,social,2026-09-02 02:48:00,Курьер  не  позвонил И отметил что меня не было дома. вот страница http://track-fast.ru/order?id=1352; с 20/01/2027; списали: 46 053 ₽,['http://track-fast.ru/order?id=1352'],[],[],['20/01/2027'],['46 053 ₽'],Курьер не позвонил И отметил что меня не было дома. вот страница [URL]; с [DATE]; списали: [PRICE],курьер не позвонил и отметил что меня не было дома вот с,"['курьер', 'позвонил', 'отметил', 'дома']","['курьер', 'позвонить', 'отметить', 'дом']"
353,web,2026-08-30 19:42:00,Курьер  не позвонил и отметил что меня не было дома. почта: TEST.USER@mail.ru   оформлено 17/06/2026,[],['TEST.USER@mail.ru'],[],['17/06/2026'],[],Курьер не позвонил и отметил что меня не было дома. почта: [EMAIL] оформлено [DATE],курьер не позвонил и отметил что меня не было дома,"['курьер', 'позвонил', 'отметил', 'дома']","['курьер', 'позвонить', 'отметить', 'дом']"
354,email,2026-09-08 13:16:00,"Коробка приехала помятая, ВНУТРИ товар повреждён. вот страница https://www.delivery-example.ru/support/354?from=mail | email: Test.user@logi-mail.ru | мой номер: 8 997 570 16 28 | цена: 6080 RUB",['https://www.delivery-example.ru/support/354?from=mail'],['Test.user@logi-mail.ru'],['8 997 570 16 28'],[],['6080 RUB'],"Коробка приехала помятая, ВНУТРИ товар повреждён. вот страница [URL] email: [EMAIL] мой номер: [PHONE] цена: [PRICE]",коробка приехала помятая внутри товар повреждён вот,"['коробка', 'приехала', 'помятая', 'внутри', 'товар', 'повреждён']","['коробка', 'приехать', 'помятый', 'внутри', 'товар', 'повредить']"
355,mobile_app,2026-09-03 08:09:00,"Коробка Приехала помятая, внутри товар повреждён. с 2026-12-03 / мой номер: +7-911-614-24-32 / Ссылка: https://www.track-fast.ru/support/355?????from=mail / стоимость: 90075р",['https://www.track-fast.ru/support/355?????from=mail'],[],['+7-911-614-24-32'],['2026-12-03'],[],"Коробка Приехала помятая, внутри товар повреждён. с [DATE] мой номер: [PHONE] Ссылка: [URL] стоимость: 90075р",коробка приехала помятая внутри товар повреждён с 90075р,"['коробка', 'приехала', 'помятая', 'внутри', 'товар', 'повреждён', '90075р']","['коробка', 'приехать', 'помятый', 'внутри', 'товар', 'повредить', '90075р']"
356,web,2026-09-14 03:01:00,"Посылка зависла на сортировке, статус не меняется пять дней. звонить: 89616507385; e-mail: USER_4114@LOGI-MAIL.RU; списали: 124 522 ₽; вот страница http://courier-now.ru/order????id=1356",['http://courier-now.ru/order????id=1356'],['USER_4114@LOGI-MAIL.RU'],['89616507385'],[],['124 522 ₽'],"Посылка зависла на сортировке, статус не меняется пять дней. звонить: [PHONE]; e-mail: [EMAIL]; списали: [PRICE]; вот страница [URL]",посылка зависла на сортировке статус не меняется пять дней вот,"['посылка', 'зависла', 'сортировке', 'статус', 'меняется', 'пять', 'дней']","['посылка', 'зависнуть', 'сортировка', 'статус', 'меняться', 'пять', 'день']"
357,email,2026-09-01 04:34:00,Нужно изменить Адрес доставки ПО отправлению №81787. вот страница http://delivery-example.ru/order?id=1357 / С 25-01-27 / ЗВОНИТЬ: +7 (927) 328-37-70 / e-mail: help.me@logi-mail.ru,['http://delivery-example.ru/order?id=1357'],['help.me@logi-mail.ru'],['+7 (927) 328-37-70'],['25-01-27'],[],Нужно изменить Адрес доставки ПО отправлению №81787. вот страница [URL] С [DATE] ЗВОНИТЬ: [PHONE] e-mail: [EMAIL],нужно изменить адрес доставки по отправлению вот с,"['нужно', 'изменить', 'адрес', 'доставки', 'отправлению']","['нужно', 'изменить', 'адрес', 'доставка', 'отправление']"
358,social,2026-09-01 02:35:00,Почему  доставка стала платной? при ОФОРМЛЕНИИ была бесплатная. Email: user_2949@mail.ru | смотрите https://courier-now.ru/item/358,['https://courier-now.ru/item/358'],['user_2949@mail.ru'],[],[],[],Почему доставка стала платной? при ОФОРМЛЕНИИ была бесплатная. Email: [EMAIL] смотрите [URL],почему доставка стала платной при оформлении была бесплатная,"['почему', 'доставка', 'стала', 'платной', 'оформлении', 'бесплатная']","['почему', 'доставка', 'стать', 'платный', 'оформление', 'бесплатный']"
359,web,2026-09-01 18:20:00,💸 Посылка вернулась отправителю хотя СРОК Хранения ещё не закончился. нужно на 01.07.2026 | стоимость: 6012 RUB | Ссылка: https://www.track-fast.ru/support/359???from=mail | мой номер: +7 (962) 692-67-50,['https://www.track-fast.ru/support/359???from=mail'],[],['+7 (962) 692-67-50'],['01.07.2026'],['6012 RUB'],Посылка вернулась отправителю хотя СРОК Хранения ещё не закончился. нужно на [DATE] стоимость: [PRICE] Ссылка: [URL] мой номер: [PHONE],посылка вернулась отправителю хотя срок хранения ещё не закончился,"['посылка', 'вернулась', 'отправителю', 'хотя', 'срок', 'хранения', 'закончился']","['посылка', 'вернуться', 'отправитель', 'хотя', 'срок', 'хранение', 'закончиться']"
360,email,2026-09-09 13:44:00,ПОСЫЛКА  вернулась  отправителю хотя срок хранения ещё не закончился. вот страница www.delivery-example.ru/page/360 / почта: user_7128@yandex.ru / мой номер: +7 (992) 452-29-27,['www.delivery-example.ru/page/360'],['user_7128@yandex.ru'],['+7 (992) 452-29-27'],[],[],ПОСЫЛКА вернулась отправителю хотя срок хранения ещё не закончился. вот страница [URL] почта: [EMAIL] мой номер: [PHONE],посылка вернулась отправителю хотя срок хранения ещё не закончился вот,"['посылка', 'вернулась', 'отправителю', 'хотя', 'срок', 'хранения', 'закончился']","['посылка', 'вернуться', 'отправитель', 'хотя', 'срок', 'хранение', 'закончиться']"
361,chat,2026-09-16 19:23:00,"ХОЧУ перенести доставку на другой день, сегодня принять не смогу. МОЙ номер: +7 (915) 984-64-13 / Ссылка: www.delivery-example.ru/page/361 / с 10/09/2026",['www.delivery-example.ru/page/361'],[],['+7 (915) 984-64-13'],['10/09/2026'],[],"ХОЧУ перенести доставку на другой день, сегодня принять не смогу. МОЙ номер: [PHONE] Ссылка: [URL] с [DATE]",хочу перенести доставку на другой день сегодня принять не смогу с,"['хочу', 'перенести', 'доставку', 'день', 'сегодня', 'принять', 'смогу']","['хотеть', 'перенести', 'доставка', 'день', 'сегодня', 'принять', 'смочь']"
362,chat,2026-08-22 09:25:00,Нужно изменить адрес доставки по отправлению №85951. URL= http://delivery-example.ru/order?id=1362 / телефон: +7-904-507-35-42 / списали: 1325 RUB,['http://delivery-example.ru/order?id=1362'],[],['+7-904-507-35-42'],[],['1325 RUB'],Нужно изменить адрес доставки по отправлению №85951. URL= [URL] телефон: [PHONE] списали: [PRICE],нужно изменить адрес доставки по отправлению,"['нужно', 'изменить', 'адрес', 'доставки', 'отправлению']","['нужно', 'изменить', 'адрес', 'доставка', 'отправление']"
363,mobile_app,2026-08-29 10:33:00,📌 ПОСЫЛКА  вернулась  отправителю  хотя срок хранения ещё не закончился. ответьте на: help.me@gmail.com; URL= www.courier-now.ru/page/363; нужно на 02-11-26; звонить: 8 912 497 33 24,['www.courier-now.ru/page/363'],['help.me@gmail.com'],['8 912 497 33 24'],['02-11-26'],[],ПОСЫЛКА вернулась отправителю хотя срок хранения ещё не закончился. ответьте на: [EMAIL]; URL= [URL]; нужно на [DATE]; звонить: [PHONE],посылка вернулась отправителю хотя срок хранения ещё не закончился ответьте на,"['посылка', 'вернулась', 'отправителю', 'хотя', 'срок', 'хранения', 'закончился', 'ответьте']","['посылка', 'вернуться', 'отправитель', 'хотя', 'срок', 'хранение', 'закончиться', 'ответить']"
364,web,2026-09-01 07:10:00,"🙂 Посылка  зависла  на  сортировке, статус не меняется пять Дней. оформлено 27-04-26 / стоимость: 199964р / почта: m.smirnova@logi-mail.ru / Ссылка: Www.delivery-example.ru/page/364",['Www.delivery-example.ru/page/364'],['m.smirnova@logi-mail.ru'],[],['27-04-26'],[],"Посылка зависла на сортировке, статус не меняется пять Дней. оформлено [DATE] стоимость: 199964р почта: [EMAIL] Ссылка: [URL]",посылка зависла на сортировке статус не меняется пять дней 199964р,"['посылка', 'зависла', 'сортировке', 'статус', 'меняется', 'пять', 'дней', '199964р']","['посылка', 'зависнуть', 'сортировка', 'статус', 'меняться', 'пять', 'день', '199964р']"
365,email,2026-08-21 17:42:00,"Хочу перенести доставку на другой день, сегодня принять не смогу. Email: m.smirnova@yandex.ru | вот страница http://delivery-example.ru/order?????id=1365 | стоимость: 2 596 рублей | мой НОМЕР: +7 (919) 947-32-16",['http://delivery-example.ru/order?????id=1365'],['m.smirnova@yandex.ru'],['+7 (919) 947-32-16'],[],['2 596 рублей'],"Хочу перенести доставку на другой день, сегодня принять не смогу. Email: [EMAIL] вот страница [URL] стоимость: [PRICE] мой НОМЕР: [PHONE]",хочу перенести доставку на другой день сегодня принять не смогу вот,"['хочу', 'перенести', 'доставку', 'день', 'сегодня', 'принять', 'смогу']","['хотеть', 'перенести', 'доставка', 'день', 'сегодня', 'принять', 'смочь']"
366,social,2026-09-15 01:23:00,"Хочу перенести доставку на другой день, сегодня принять не смогу. Оформлено 07.11.2026; МОЙ номер: 8 945 392 96 48",[],[],['8 945 392 96 48'],['07.11.2026'],[],"Хочу перенести доставку на другой день, сегодня принять не смогу. Оформлено [DATE]; МОЙ номер: [PHONE]",хочу перенести доставку на другой день сегодня принять не смогу,"['хочу', 'перенести', 'доставку', 'день', 'сегодня', 'принять', 'смогу']","['хотеть', 'перенести', 'доставка', 'день', 'сегодня', 'принять', 'смочь']"
367,social,2026-08-22 21:41:00,Почему  доставка  стала платной?? при оформлении была БЕСПЛАТНАЯ. Сумма: 45991р,[],[],[],[],[],Почему доставка стала платной? при оформлении была БЕСПЛАТНАЯ. Сумма: 45991р,почему доставка стала платной при оформлении была бесплатная 45991р,"['почему', 'доставка', 'стала', 'платной', 'оформлении', 'бесплатная', '45991р']","['почему', 'доставка', 'стать', 'платный', 'оформление', 'бесплатный', '45991р']"
368,mobile_app,2026-09-12 17:13:00,😡 Сколько будет стоить доставка КРУПНОЙ посылки в другой город?? звонить: +7-934-990-99-45; Ссылка: https://courier-now.ru/item/368; цена: 13 084 руб.,['https://courier-now.ru/item/368'],[],['+7-934-990-99-45'],[],['13 084 руб.'],Сколько будет стоить доставка КРУПНОЙ посылки в другой город? звонить: [PHONE]; Ссылка: [URL]; цена: [PRICE],сколько будет стоить доставка крупной посылки в другой город,"['сколько', 'стоить', 'доставка', 'крупной', 'посылки', 'город']","['сколько', 'стоить', 'доставка', 'крупный', 'посылка', 'город']"
369,mobile_app,2026-09-14 12:56:00,Сколько БУДЕТ стоить доставка крупной посылки в другой город? e-mail: help.me@mail.ru,[],['help.me@mail.ru'],[],[],[],Сколько БУДЕТ стоить доставка крупной посылки в другой город? e-mail: [EMAIL],сколько будет стоить доставка крупной посылки в другой город,"['сколько', 'стоить', 'доставка', 'крупной', 'посылки', 'город']","['сколько', 'стоить', 'доставка', 'крупный', 'посылка', 'город']"
370,chat,2026-09-15 08:43:00,"Посылка зависла на сортировке, статус не меняется пять ДНЕЙ. URL= https://www.track-fast.ru/support/370?from=mail / нужно на 2026-09-23",['https://www.track-fast.ru/support/370?from=mail'],[],[],['2026-09-23'],[],"Посылка зависла на сортировке, статус не меняется пять ДНЕЙ. URL= [URL] нужно на [DATE]",посылка зависла на сортировке статус не меняется пять дней,"['посылка', 'зависла', 'сортировке', 'статус', 'меняется', 'пять', 'дней']","['посылка', 'зависнуть', 'сортировка', 'статус', 'меняться', 'пять', 'день']"
371,mobile_app,2026-09-15 03:32:00,Сколько будет стоить ДОСТАВКА крупной ПОСЫЛКИ в другой город? оформлено 19/07/2026 | почта: ivan.petrov@yandex.ru | цена: 46014 RUB,[],['ivan.petrov@yandex.ru'],[],['19/07/2026'],['46014 RUB'],Сколько будет стоить ДОСТАВКА крупной ПОСЫЛКИ в другой город? оформлено [DATE] почта: [EMAIL] цена: [PRICE],сколько будет стоить доставка крупной посылки в другой город,"['сколько', 'стоить', 'доставка', 'крупной', 'посылки', 'город']","['сколько', 'стоить', 'доставка', 'крупный', 'посылка', 'город']"
372,email,2026-08-26 01:14:00,Сколько будет Стоить доставка крупной посылки в другой город? URL= https://www.delivery-example.ru/support/372?from=mail / email: user_9984@mail.ru / тел: +7-993-845-18-12 !!!,['https://www.delivery-example.ru/support/372?from=mail'],['user_9984@mail.ru'],['+7-993-845-18-12'],[],[],Сколько будет Стоить доставка крупной посылки в другой город? URL= [URL] email: [EMAIL] тел: [PHONE] !,сколько будет стоить доставка крупной посылки в другой город,"['сколько', 'стоить', 'доставка', 'крупной', 'посылки', 'город']","['сколько', 'стоить', 'доставка', 'крупный', 'посылка', 'город']"
373,chat,2026-09-01 01:35:00,Не получается найти отправление по трек номеру. ответьте на: help.me@mail.ru; стоимость: 90 089 ₽; мой номер: +7 (955) 843-15-90; дата 2027-02-19,[],['help.me@mail.ru'],['+7 (955) 843-15-90'],['2027-02-19'],['90 089 ₽'],Не получается найти отправление по трек номеру. ответьте на: [EMAIL]; стоимость: [PRICE]; мой номер: [PHONE]; дата [DATE],не получается найти отправление по трек номеру ответьте на,"['получается', 'найти', 'отправление', 'трек', 'номеру', 'ответьте']","['получаться', 'найти', 'отправление', 'трек', 'номер', 'ответить']"
374,social,2026-09-09 13:03:00,"🙂 Коробка  приехала помятая, внутри товар повреждён. нужно на 03.01.2027",[],[],[],['03.01.2027'],[],"Коробка приехала помятая, внутри товар повреждён. нужно на [DATE]",коробка приехала помятая внутри товар повреждён,"['коробка', 'приехала', 'помятая', 'внутри', 'товар', 'повреждён']","['коробка', 'приехать', 'помятый', 'внутри', 'товар', 'повредить']"
375,email,2026-08-24 11:33:00,"📌 Курьер  привёз  чужой  заказ,  мой ПАКЕТ у него отсутствует. СПИСАЛИ: 527р   URL= http://track-fast.ru/order?id=1375   email: ivan.petrov@yandex.ru",['http://track-fast.ru/order?id=1375'],['ivan.petrov@yandex.ru'],[],[],[],"Курьер привёз чужой заказ, мой ПАКЕТ у него отсутствует. СПИСАЛИ: 527р URL= [URL] email: [EMAIL]",курьер привёз чужой заказ мой пакет у него отсутствует 527р,"['курьер', 'привёз', 'чужой', 'заказ', 'пакет', 'отсутствует', '527р']","['курьер', 'привезти', 'чужой', 'заказ', 'пакет', 'отсутствовать', '527р']"
376,social,2026-08-20 08:27:00,🙂 ПОСЫЛКА Вернулась отправителю хотя срок ХРАНЕНИЯ ещё не закончился. ВОТ страница https://www.delivery-example.ru/support/376???from=mail; сумма: 124 539 ₽; нужно на 2026-09-28,['https://www.delivery-example.ru/support/376???from=mail'],[],[],['2026-09-28'],['124 539 ₽'],ПОСЫЛКА Вернулась отправителю хотя срок ХРАНЕНИЯ ещё не закончился. ВОТ страница [URL]; сумма: [PRICE]; нужно на [DATE],посылка вернулась отправителю хотя срок хранения ещё не закончился вот,"['посылка', 'вернулась', 'отправителю', 'хотя', 'срок', 'хранения', 'закончился']","['посылка', 'вернуться', 'отправитель', 'хотя', 'срок', 'хранение', 'закончиться']"
377,email,2026-08-29 07:09:00,📌 Нужно ИЗМЕНИТЬ адрес доставки по отправлению №97395. ???,[],[],[],[],[],Нужно ИЗМЕНИТЬ адрес доставки по отправлению №97395. ?,нужно изменить адрес доставки по отправлению,"['нужно', 'изменить', 'адрес', 'доставки', 'отправлению']","['нужно', 'изменить', 'адрес', 'доставка', 'отправление']"
378,mobile_app,2026-09-06 05:29:00,📌 Посылка  вернулась  Отправителю ХОТЯ срок хранения ещё не закончился. дата 10.01.2027 | СПИСАЛИ: 12 993 руб. | URL= HTTPS://TRACK-FAST.RU/ITEM/378 ...,['HTTPS://TRACK-FAST.RU/ITEM/378'],[],[],['10.01.2027'],['12 993 руб.'],Посылка вернулась Отправителю ХОТЯ срок хранения ещё не закончился. дата [DATE] СПИСАЛИ: [PRICE] URL= [URL] .,посылка вернулась отправителю хотя срок хранения ещё не закончился,"['посылка', 'вернулась', 'отправителю', 'хотя', 'срок', 'хранения', 'закончился']","['посылка', 'вернуться', 'отправитель', 'хотя', 'срок', 'хранение', 'закончиться']"
379,chat,2026-09-05 14:37:00,🔥 Посылка  ВЕРНУЛАСЬ  отправителю хотя срок Хранения ещё не закончился. цена: 90 061 Рублей | вот Страница www.track-fast.ru/page/379 | нужно на 2026-04-17,['www.track-fast.ru/page/379'],[],[],['2026-04-17'],['90 061 Рублей'],Посылка ВЕРНУЛАСЬ отправителю хотя срок Хранения ещё не закончился. цена: [PRICE] вот Страница [URL] нужно на [DATE],посылка вернулась отправителю хотя срок хранения ещё не закончился вот,"['посылка', 'вернулась', 'отправителю', 'хотя', 'срок', 'хранения', 'закончился']","['посылка', 'вернуться', 'отправитель', 'хотя', 'срок', 'хранение', 'закончиться']"
380,mobile_app,2026-08-23 18:25:00,📌 Курьер не позвонил и отметил ЧТО меня НЕ было ДОМА. смотрите www.delivery-example.ru/page/380; телефон: 8 969 532 49 96; списали: 896 руб.,['www.delivery-example.ru/page/380'],[],['8 969 532 49 96'],[],['896 руб.'],Курьер не позвонил и отметил ЧТО меня НЕ было ДОМА. смотрите [URL]; телефон: [PHONE]; списали: [PRICE],курьер не позвонил и отметил что меня не было дома,"['курьер', 'позвонил', 'отметил', 'дома']","['курьер', 'позвонить', 'отметить', 'дом']"
381,web,2026-09-01 06:44:00,Почему  Доставка  Стала  ПЛАТНОЙ?????  При оформлении была бесплатная. стоимость: 2 587 рублей / Email: user_3238@yandex.ru / тел: 89571905218,[],['user_3238@yandex.ru'],['89571905218'],[],['2 587 рублей'],Почему Доставка Стала ПЛАТНОЙ? При оформлении была бесплатная. стоимость: [PRICE] Email: [EMAIL] тел: [PHONE],почему доставка стала платной при оформлении была бесплатная,"['почему', 'доставка', 'стала', 'платной', 'оформлении', 'бесплатная']","['почему', 'доставка', 'стать', 'платный', 'оформление', 'бесплатный']"
382,social,2026-08-29 12:31:00,📌 КУРЬЕР не ПОЗВОНИЛ и отметил ЧТО меня не было дома. мой номер: +7-912-782-83-80 / сумма: 2 535 руб.,[],[],['+7-912-782-83-80'],[],['2 535 руб.'],КУРЬЕР не ПОЗВОНИЛ и отметил ЧТО меня не было дома. мой номер: [PHONE] сумма: [PRICE],курьер не позвонил и отметил что меня не было дома,"['курьер', 'позвонил', 'отметил', 'дома']","['курьер', 'позвонить', 'отметить', 'дом']"
383,social,2026-09-05 20:56:00,"Хочу перенести доставку на другой день, сегодня принять не смогу. звонить: +7 991 400 8076   СПИСАЛИ: 6013 RUB   почта: M.SMIRNOVA@YANDEX.RU",[],['M.SMIRNOVA@YANDEX.RU'],['+7 991 400 8076'],[],['6013 RUB'],"Хочу перенести доставку на другой день, сегодня принять не смогу. звонить: [PHONE] СПИСАЛИ: [PRICE] почта: [EMAIL]",хочу перенести доставку на другой день сегодня принять не смогу,"['хочу', 'перенести', 'доставку', 'день', 'сегодня', 'принять', 'смогу']","['хотеть', 'перенести', 'доставка', 'день', 'сегодня', 'принять', 'смочь']"
384,web,2026-08-23 22:36:00,"Хочу  перенести Доставку на Другой день, сегодня принять Не смогу. телефон: 89996011345 | стоимость: 124569 RUB | с 2026-07-14",[],[],['89996011345'],['2026-07-14'],['124569 RUB'],"Хочу перенести Доставку на Другой день, сегодня принять Не смогу. телефон: [PHONE] стоимость: [PRICE] с [DATE]",хочу перенести доставку на другой день сегодня принять не смогу с,"['хочу', 'перенести', 'доставку', 'день', 'сегодня', 'принять', 'смогу']","['хотеть', 'перенести', 'доставка', 'день', 'сегодня', 'принять', 'смочь']"
385,mobile_app,2026-09-01 00:43:00,Не получается найти отправление По Трек номеру. стоимость: 46 015 ₽ | email: student2026@yandex.ru | телефон: 89334065845 | оформлено 07.10.2026,[],['student2026@yandex.ru'],['89334065845'],['07.10.2026'],['46 015 ₽'],Не получается найти отправление По Трек номеру. стоимость: [PRICE] email: [EMAIL] телефон: [PHONE] оформлено [DATE],не получается найти отправление по трек номеру,"['получается', 'найти', 'отправление', 'трек', 'номеру']","['получаться', 'найти', 'отправление', 'трек', 'номер']"
386,web,2026-09-05 17:02:00,Посылка  вернулась отправителю хотя срок хранения ещё не закончился. email: user_9085@yandex.ru   дата 23/06/2026   списали: 6 020 рублей   звонить: +7-939-165-86-97,[],['user_9085@yandex.ru'],['+7-939-165-86-97'],['23/06/2026'],['6 020 рублей'],Посылка вернулась отправителю хотя срок хранения ещё не закончился. email: [EMAIL] дата [DATE] списали: [PRICE] звонить: [PHONE],посылка вернулась отправителю хотя срок хранения ещё не закончился,"['посылка', 'вернулась', 'отправителю', 'хотя', 'срок', 'хранения', 'закончился']","['посылка', 'вернуться', 'отправитель', 'хотя', 'срок', 'хранение', 'закончиться']"
387,web,2026-08-31 17:05:00,"Коробка  приехала  помятая, внутри товар повреждён. СПИСАЛИ: 1 386 руб. / ОТВЕТЬТЕ на: student2026@yandex.ru / с 17-11-26 / звонить: +7-933-201-56-34",[],['student2026@yandex.ru'],['+7-933-201-56-34'],['17-11-26'],['1 386 руб.'],"Коробка приехала помятая, внутри товар повреждён. СПИСАЛИ: [PRICE] ОТВЕТЬТЕ на: [EMAIL] с [DATE] звонить: [PHONE]",коробка приехала помятая внутри товар повреждён ответьте на с,"['коробка', 'приехала', 'помятая', 'внутри', 'товар', 'повреждён', 'ответьте']","['коробка', 'приехать', 'помятый', 'внутри', 'товар', 'повредить', 'ответить']"
388,social,2026-09-05 05:14:00,"Хочу  перенести  доставку  на другой день, СЕГОДНЯ принять не смогу. с 27.08.2026 | вот страница http://delivery-example.ru/order?id=1388 | почта: student2026@mail.ru | списали: 2534Р",['http://delivery-example.ru/order?id=1388'],['student2026@mail.ru'],[],['27.08.2026'],[],"Хочу перенести доставку на другой день, СЕГОДНЯ принять не смогу. с [DATE] вот страница [URL] почта: [EMAIL] списали: 2534Р",хочу перенести доставку на другой день сегодня принять не смогу с вот 2534р,"['хочу', 'перенести', 'доставку', 'день', 'сегодня', 'принять', 'смогу', '2534р']","['хотеть', 'перенести', 'доставка', 'день', 'сегодня', 'принять', 'смочь', '2534р']"
389,email,2026-09-11 09:30:00,Посылка Вернулась отправителю хотя срок хранения ещё не закончился. оформлено 2026-10-08; e-mail: User_8707@mail.ru; цена: 124 522 руб.; тел: +7 (919) 209-26-26,[],['User_8707@mail.ru'],['+7 (919) 209-26-26'],['2026-10-08'],['124 522 руб.'],Посылка Вернулась отправителю хотя срок хранения ещё не закончился. оформлено [DATE]; e-mail: [EMAIL]; цена: [PRICE]; тел: [PHONE],посылка вернулась отправителю хотя срок хранения ещё не закончился,"['посылка', 'вернулась', 'отправителю', 'хотя', 'срок', 'хранения', 'закончился']","['посылка', 'вернуться', 'отправитель', 'хотя', 'срок', 'хранение', 'закончиться']"
390,social,2026-08-26 01:46:00,"Коробка ПРИЕХАЛА помятая, внутри товар повреждён. звонить: +7 (953) 579-46-40; вот страница https://www.track-fast.ru/support/390????from=mail; сумма: 124 548 руб.",['https://www.track-fast.ru/support/390????from=mail'],[],['+7 (953) 579-46-40'],[],['124 548 руб.'],"Коробка ПРИЕХАЛА помятая, внутри товар повреждён. звонить: [PHONE]; вот страница [URL]; сумма: [PRICE]",коробка приехала помятая внутри товар повреждён вот,"['коробка', 'приехала', 'помятая', 'внутри', 'товар', 'повреждён']","['коробка', 'приехать', 'помятый', 'внутри', 'товар', 'повредить']"
391,email,2026-08-20 04:06:00,"Курьер  привёз  чужой заказ, мой пакет у него ОТСУТСТВУЕТ. сумма: 2 566 руб.   оформлено 2026-07-20   ВОТ страница www.track-fast.ru/page/391",['www.track-fast.ru/page/391'],[],[],['2026-07-20'],['2 566 руб.'],"Курьер привёз чужой заказ, мой пакет у него ОТСУТСТВУЕТ. сумма: [PRICE] оформлено [DATE] ВОТ страница [URL]",курьер привёз чужой заказ мой пакет у него отсутствует вот,"['курьер', 'привёз', 'чужой', 'заказ', 'пакет', 'отсутствует']","['курьер', 'привезти', 'чужой', 'заказ', 'пакет', 'отсутствовать']"
392,mobile_app,2026-09-12 02:27:00,"Посылка зависла на сортировке, статус не меняется пять дней. тел: +7-950-209-55-57 / нужно на 2026-07-13 / цена: 1 375 рублей",[],[],['+7-950-209-55-57'],['2026-07-13'],['1 375 рублей'],"Посылка зависла на сортировке, статус не меняется пять дней. тел: [PHONE] нужно на [DATE] цена: [PRICE]",посылка зависла на сортировке статус не меняется пять дней,"['посылка', 'зависла', 'сортировке', 'статус', 'меняется', 'пять', 'дней']","['посылка', 'зависнуть', 'сортировка', 'статус', 'меняться', 'пять', 'день']"
393,social,2026-08-24 02:31:00,"Хочу перенести Доставку на другой день, сегодня принять Не смогу. тел: +7 (906) 120-11-23; нужно на 2026-10-16; email: m.smirnova@logi-mail.ru",[],['m.smirnova@logi-mail.ru'],['+7 (906) 120-11-23'],['2026-10-16'],[],"Хочу перенести Доставку на другой день, сегодня принять Не смогу. тел: [PHONE]; нужно на [DATE]; email: [EMAIL]",хочу перенести доставку на другой день сегодня принять не смогу,"['хочу', 'перенести', 'доставку', 'день', 'сегодня', 'принять', 'смогу']","['хотеть', 'перенести', 'доставка', 'день', 'сегодня', 'принять', 'смочь']"
394,social,2026-09-14 10:57:00,НУЖНО изменить адрес Доставки по ОТПРАВЛЕНИЮ №54834. Ссылка: http://delivery-example.ru/order?????id=1394   Дата 2026-05-07   почта: ivan.petrov@logi-mail.ru,['http://delivery-example.ru/order?????id=1394'],['ivan.petrov@logi-mail.ru'],[],['2026-05-07'],[],НУЖНО изменить адрес Доставки по ОТПРАВЛЕНИЮ №54834. Ссылка: [URL] Дата [DATE] почта: [EMAIL],нужно изменить адрес доставки по отправлению,"['нужно', 'изменить', 'адрес', 'доставки', 'отправлению']","['нужно', 'изменить', 'адрес', 'доставка', 'отправление']"
395,email,2026-08-31 02:28:00,"Коробка  приехала помятая, внутри товар повреждён. звонить: +7-923-350-60-35",[],[],['+7-923-350-60-35'],[],[],"Коробка приехала помятая, внутри товар повреждён. звонить: [PHONE]",коробка приехала помятая внутри товар повреждён,"['коробка', 'приехала', 'помятая', 'внутри', 'товар', 'повреждён']","['коробка', 'приехать', 'помятый', 'внутри', 'товар', 'повредить']"
396,chat,2026-09-05 08:38:00,Почему  доставка  стала  платной?  при ОФОРМЛЕНИИ была бесплатная. оформлено 14-02-27,[],[],[],['14-02-27'],[],Почему доставка стала платной? при ОФОРМЛЕНИИ была бесплатная. оформлено [DATE],почему доставка стала платной при оформлении была бесплатная,"['почему', 'доставка', 'стала', 'платной', 'оформлении', 'бесплатная']","['почему', 'доставка', 'стать', 'платный', 'оформление', 'бесплатный']"
397,social,2026-09-05 18:20:00,"💸 Посылка  зависла  на  сортировке, статус не меняется пять дней. Ссылка: https://www.track-fast.ru/support/397?from=mail; ТЕЛ: +7-955-685-33-22; email: user_6469@gmail.com; сумма: 90021 RUB; с 28-04-26",['https://www.track-fast.ru/support/397?from=mail'],['user_6469@gmail.com'],['+7-955-685-33-22'],['28-04-26'],['90021 RUB'],"Посылка зависла на сортировке, статус не меняется пять дней. Ссылка: [URL]; ТЕЛ: [PHONE]; email: [EMAIL]; сумма: [PRICE]; с [DATE]",посылка зависла на сортировке статус не меняется пять дней с,"['посылка', 'зависла', 'сортировке', 'статус', 'меняется', 'пять', 'дней']","['посылка', 'зависнуть', 'сортировка', 'статус', 'меняться', 'пять', 'день']"
398,web,2026-08-20 12:29:00,"Хочу перенести доставку на другой день, СЕГОДНЯ принять не смогу. с 2026-08-31   почта: help.me@yandex.ru",[],['help.me@yandex.ru'],[],['2026-08-31'],[],"Хочу перенести доставку на другой день, СЕГОДНЯ принять не смогу. с [DATE] почта: [EMAIL]",хочу перенести доставку на другой день сегодня принять не смогу с,"['хочу', 'перенести', 'доставку', 'день', 'сегодня', 'принять', 'смогу']","['хотеть', 'перенести', 'доставка', 'день', 'сегодня', 'принять', 'смочь']"
399,web,2026-09-07 16:39:00,🔥 Посылка  вернулась  отправителю  хотя срок хранения ещё не ЗАКОНЧИЛСЯ. URL= http://track-fast.ru/order?id=1399   дата 21-07-26   стоимость: 199 937 рублей,['http://track-fast.ru/order?id=1399'],[],[],['21-07-26'],['199 937 рублей'],Посылка вернулась отправителю хотя срок хранения ещё не ЗАКОНЧИЛСЯ. URL= [URL] дата [DATE] стоимость: [PRICE],посылка вернулась отправителю хотя срок хранения ещё не закончился,"['посылка', 'вернулась', 'отправителю', 'хотя', 'срок', 'хранения', 'закончился']","['посылка', 'вернуться', 'отправитель', 'хотя', 'срок', 'хранение', 'закончиться']"
400,email,2026-08-23 16:55:00,Посылка вернулась отправителю хотя СРОК хранения ещё не закончился. стоимость: 13 037 ₽ / Ссылка: https://www.track-fast.ru/support/400?from=mail / С 31-10-26 ###,['https://www.track-fast.ru/support/400?from=mail'],[],[],['31-10-26'],['13 037 ₽'],Посылка вернулась отправителю хотя СРОК хранения ещё не закончился. стоимость: [PRICE] Ссылка: [URL] С [DATE],посылка вернулась отправителю хотя срок хранения ещё не закончился с,"['посылка', 'вернулась', 'отправителю', 'хотя', 'срок', 'хранения', 'закончился']","['посылка', 'вернуться', 'отправитель', 'хотя', 'срок', 'хранение', 'закончиться']"
401,chat,2026-09-02 02:30:00,Не  получается  найти  отправление по трек номеру. почта: TEST.USER@gmail.com   с 25-01-27   СПИСАЛИ: 13007р ???,[],['TEST.USER@gmail.com'],[],['25-01-27'],[],Не получается найти отправление по трек номеру. почта: [EMAIL] с [DATE] СПИСАЛИ: 13007р ?,не получается найти отправление по трек номеру с 13007р,"['получается', 'найти', 'отправление', 'трек', 'номеру', '13007р']","['получаться', 'найти', 'отправление', 'трек', 'номер', '13007р']"
402,email,2026-08-25 02:39:00,"КУРЬЕР привёз чужой заказ, мой пакет у него отсутствует. Ссылка: https://track-fast.ru/item/402   тел: +7-903-991-61-94   списали: 12 995 рублей",['https://track-fast.ru/item/402'],[],['+7-903-991-61-94'],[],['12 995 рублей'],"КУРЬЕР привёз чужой заказ, мой пакет у него отсутствует. Ссылка: [URL] тел: [PHONE] списали: [PRICE]",курьер привёз чужой заказ мой пакет у него отсутствует,"['курьер', 'привёз', 'чужой', 'заказ', 'пакет', 'отсутствует']","['курьер', 'привезти', 'чужой', 'заказ', 'пакет', 'отсутствовать']"
403,email,2026-09-14 14:09:00,😡 НУЖНО изменить адрес доставки по отправлению №38101. ЦЕНА: 199 911 руб. | оформлено 2026-05-21 | тел: +7 911 871 8712,[],[],['+7 911 871 8712'],['2026-05-21'],['199 911 руб.'],НУЖНО изменить адрес доставки по отправлению №38101. ЦЕНА: [PRICE] оформлено [DATE] тел: [PHONE],нужно изменить адрес доставки по отправлению,"['нужно', 'изменить', 'адрес', 'доставки', 'отправлению']","['нужно', 'изменить', 'адрес', 'доставка', 'отправление']"
404,mobile_app,2026-09-05 11:30:00,Сколько будет Стоить доставка КРУПНОЙ ПОСЫЛКИ в другой город???? с 2026-12-04 | вот страница https://www.courier-now.ru/support/404???from=mail | списали: 199948 RUB,['https://www.courier-now.ru/support/404???from=mail'],[],[],['2026-12-04'],['199948 RUB'],Сколько будет Стоить доставка КРУПНОЙ ПОСЫЛКИ в другой город? с [DATE] вот страница [URL] списали: [PRICE],сколько будет стоить доставка крупной посылки в другой город с вот,"['сколько', 'стоить', 'доставка', 'крупной', 'посылки', 'город']","['сколько', 'стоить', 'доставка', 'крупный', 'посылка', 'город']"
405,email,2026-08-21 19:22:00,Сколько будет стоить доставка КРУПНОЙ посылки в другой Город? с 23-02-27,[],[],[],['23-02-27'],[],Сколько будет стоить доставка КРУПНОЙ посылки в другой Город? с [DATE],сколько будет стоить доставка крупной посылки в другой город с,"['сколько', 'стоить', 'доставка', 'крупной', 'посылки', 'город']","['сколько', 'стоить', 'доставка', 'крупный', 'посылка', 'город']"
406,web,2026-08-28 07:49:00,"Хочу Перенести доставку на другой день, сегодня принять не смогу. email: help.me@logi-mail.ru   ОФОРМЛЕНО 19.12.2026   ССЫЛКА: www.courier-now.ru/page/406",['www.courier-now.ru/page/406'],['help.me@logi-mail.ru'],[],['19.12.2026'],[],"Хочу Перенести доставку на другой день, сегодня принять не смогу. email: [EMAIL] ОФОРМЛЕНО [DATE] ССЫЛКА: [URL]",хочу перенести доставку на другой день сегодня принять не смогу,"['хочу', 'перенести', 'доставку', 'день', 'сегодня', 'принять', 'смогу']","['хотеть', 'перенести', 'доставка', 'день', 'сегодня', 'принять', 'смочь']"
407,social,2026-09-14 13:19:00,Не  ПОЛУЧАЕТСЯ  найти отправление по трек номеру. почта: m.smirnova@yandex.ru ###,[],['m.smirnova@yandex.ru'],[],[],[],Не ПОЛУЧАЕТСЯ найти отправление по трек номеру. почта: [EMAIL],не получается найти отправление по трек номеру,"['получается', 'найти', 'отправление', 'трек', 'номеру']","['получаться', 'найти', 'отправление', 'трек', 'номер']"
408,email,2026-09-12 05:16:00,Не получается найти Отправление по Трек номеру. почта: m.smirnova@logi-mail.ru / тел: +7 (949) 828-55-25 / сумма: 199 988 ₽,[],['m.smirnova@logi-mail.ru'],['+7 (949) 828-55-25'],[],['199 988 ₽'],Не получается найти Отправление по Трек номеру. почта: [EMAIL] тел: [PHONE] сумма: [PRICE],не получается найти отправление по трек номеру,"['получается', 'найти', 'отправление', 'трек', 'номеру']","['получаться', 'найти', 'отправление', 'трек', 'номер']"
409,web,2026-08-25 12:58:00,Сколько  будет стоить доставка крупной посылки в другой город? email: student2026@yandex.ru   ССЫЛКА: http://courier-now.ru/order?id=1409,['http://courier-now.ru/order?id=1409'],['student2026@yandex.ru'],[],[],[],Сколько будет стоить доставка крупной посылки в другой город? email: [EMAIL] ССЫЛКА: [URL],сколько будет стоить доставка крупной посылки в другой город,"['сколько', 'стоить', 'доставка', 'крупной', 'посылки', 'город']","['сколько', 'стоить', 'доставка', 'крупный', 'посылка', 'город']"
410,chat,2026-08-21 23:11:00,"💸 Посылка  зависла  на  сортировке,  статус не Меняется пять дней. смотрите https://courier-now.ru/item/410",['https://courier-now.ru/item/410'],[],[],[],[],"Посылка зависла на сортировке, статус не Меняется пять дней. смотрите [URL]",посылка зависла на сортировке статус не меняется пять дней,"['посылка', 'зависла', 'сортировке', 'статус', 'меняется', 'пять', 'дней']","['посылка', 'зависнуть', 'сортировка', 'статус', 'меняться', 'пять', 'день']"
411,mobile_app,2026-09-10 09:38:00,"💸 Коробка приехала ПОМЯТАЯ, внутри товар повреждён. Почта: m.smirnova@logi-mail.ru | вот СТРАНИЦА www.delivery-example.ru/page/411 | дата 25.06.2026 | тел: 89378826831 | Сумма: 199981 RUB",['www.delivery-example.ru/page/411'],['m.smirnova@logi-mail.ru'],['89378826831'],['25.06.2026'],['199981 RUB'],"Коробка приехала ПОМЯТАЯ, внутри товар повреждён. Почта: [EMAIL] вот СТРАНИЦА [URL] дата [DATE] тел: [PHONE] Сумма: [PRICE]",коробка приехала помятая внутри товар повреждён вот,"['коробка', 'приехала', 'помятая', 'внутри', 'товар', 'повреждён']","['коробка', 'приехать', 'помятый', 'внутри', 'товар', 'повредить']"
412,chat,2026-09-16 04:28:00,Не получается найти отправление по ТРЕК номеру. нужно на 31.01.2027 / сумма: 2578р / звонить: 8 916 709 72 16,[],[],['8 916 709 72 16'],['31.01.2027'],[],Не получается найти отправление по ТРЕК номеру. нужно на [DATE] сумма: 2578р звонить: [PHONE],не получается найти отправление по трек номеру 2578р,"['получается', 'найти', 'отправление', 'трек', 'номеру', '2578р']","['получаться', 'найти', 'отправление', 'трек', 'номер', '2578р']"
413,mobile_app,2026-09-06 22:31:00,Нужно изменить АДРЕС доставки по отправлению №24179. стоимость: 199 902 ₽   Мой Номер: +7-966-780-47-32,[],[],['+7-966-780-47-32'],[],['199 902 ₽'],Нужно изменить АДРЕС доставки по отправлению №24179. стоимость: [PRICE] Мой Номер: [PHONE],нужно изменить адрес доставки по отправлению,"['нужно', 'изменить', 'адрес', 'доставки', 'отправлению']","['нужно', 'изменить', 'адрес', 'доставка', 'отправление']"
414,mobile_app,2026-09-02 09:32:00,Не  Получается  найти  отправление  по трек номеру. дата 2027-02-19 / списали: 5 994 рублей,[],[],[],['2027-02-19'],['5 994 рублей'],Не Получается найти отправление по трек номеру. дата [DATE] списали: [PRICE],не получается найти отправление по трек номеру,"['получается', 'найти', 'отправление', 'трек', 'номеру']","['получаться', 'найти', 'отправление', 'трек', 'номер']"
415,mobile_app,2026-08-20 15:36:00,Нужно  изменить  адрес доставки по отправлению №80002. списали: 199 999 рублей; Ссылка: Https://courier-now.ru/item/415; звонить: 89667009775,['Https://courier-now.ru/item/415'],[],['89667009775'],[],['199 999 рублей'],Нужно изменить адрес доставки по отправлению №80002. списали: [PRICE]; Ссылка: [URL]; звонить: [PHONE],нужно изменить адрес доставки по отправлению,"['нужно', 'изменить', 'адрес', 'доставки', 'отправлению']","['нужно', 'изменить', 'адрес', 'доставка', 'отправление']"
416,mobile_app,2026-09-07 00:55:00,ПОСЫЛКА  вернулась отправителю хотя срок хранения ещё не закончился. телефон: 89789674460; смотрите www.track-fast.ru/page/416; нужно на 16-05-26,['www.track-fast.ru/page/416'],[],['89789674460'],['16-05-26'],[],ПОСЫЛКА вернулась отправителю хотя срок хранения ещё не закончился. телефон: [PHONE]; смотрите [URL]; нужно на [DATE],посылка вернулась отправителю хотя срок хранения ещё не закончился,"['посылка', 'вернулась', 'отправителю', 'хотя', 'срок', 'хранения', 'закончился']","['посылка', 'вернуться', 'отправитель', 'хотя', 'срок', 'хранение', 'закончиться']"
417,social,2026-08-28 09:07:00,Почему  доставка стала платной? при оформлении была бесплатная. телефон: 89499889929 | ПОЧТА: TEST.USER@mail.ru | вот страница http://track-fast.ru/order?id=1417 | цена: 894 руб.,['http://track-fast.ru/order?id=1417'],['TEST.USER@mail.ru'],['89499889929'],[],['894 руб.'],Почему доставка стала платной? при оформлении была бесплатная. телефон: [PHONE] ПОЧТА: [EMAIL] вот страница [URL] цена: [PRICE],почему доставка стала платной при оформлении была бесплатная вот,"['почему', 'доставка', 'стала', 'платной', 'оформлении', 'бесплатная']","['почему', 'доставка', 'стать', 'платный', 'оформление', 'бесплатный']"
418,web,2026-08-31 14:53:00,"Хочу  перенести доставку на другой День, сегодня принять не смогу. с 2027-02-20 | стоимость: 13 054 рублей",[],[],[],['2027-02-20'],['13 054 рублей'],"Хочу перенести доставку на другой День, сегодня принять не смогу. с [DATE] стоимость: [PRICE]",хочу перенести доставку на другой день сегодня принять не смогу с,"['хочу', 'перенести', 'доставку', 'день', 'сегодня', 'принять', 'смогу']","['хотеть', 'перенести', 'доставка', 'день', 'сегодня', 'принять', 'смочь']"
419,email,2026-08-30 00:15:00,😡 Почему  доставка  стала платной?? при оформлении была бесплатная. ВОТ страница http://courier-now.ru/order?????id=1419; с 02-08-26,['http://courier-now.ru/order?????id=1419'],[],[],['02-08-26'],[],Почему доставка стала платной? при оформлении была бесплатная. ВОТ страница [URL]; с [DATE],почему доставка стала платной при оформлении была бесплатная вот с,"['почему', 'доставка', 'стала', 'платной', 'оформлении', 'бесплатная']","['почему', 'доставка', 'стать', 'платный', 'оформление', 'бесплатный']"
420,social,2026-09-05 05:41:00,Не Получается найти отправление по трек номеру. почта: TEST.USER@gmail.com,[],['TEST.USER@gmail.com'],[],[],[],Не Получается найти отправление по трек номеру. почта: [EMAIL],не получается найти отправление по трек номеру,"['получается', 'найти', 'отправление', 'трек', 'номеру']","['получаться', 'найти', 'отправление', 'трек', 'номер']"
421,email,2026-08-21 02:56:00,🙂 Сколько Будет стоить доставка крупной посылки В другой город? списали: 2 576 руб. | EMAIL: student2026@mail.ru,[],['student2026@mail.ru'],[],[],['2 576 руб.'],Сколько Будет стоить доставка крупной посылки В другой город? списали: [PRICE] EMAIL: [EMAIL],сколько будет стоить доставка крупной посылки в другой город,"['сколько', 'стоить', 'доставка', 'крупной', 'посылки', 'город']","['сколько', 'стоить', 'доставка', 'крупный', 'посылка', 'город']"
422,mobile_app,2026-08-28 00:39:00,Почему  ДОСТАВКА  стала  платной??  ПРИ оформлении была бесплатная. EMAIL: help.me@yandex.ru,[],['help.me@yandex.ru'],[],[],[],Почему ДОСТАВКА стала платной? ПРИ оформлении была бесплатная. EMAIL: [EMAIL],почему доставка стала платной при оформлении была бесплатная,"['почему', 'доставка', 'стала', 'платной', 'оформлении', 'бесплатная']","['почему', 'доставка', 'стать', 'платный', 'оформление', 'бесплатный']"
423,mobile_app,2026-09-13 07:11:00,"⚠️ Курьер привёз чужой заказ, мой пакет у НЕГО ОТСУТСТВУЕТ. стоимость: 6 081 рублей",[],[],[],[],['6 081 рублей'],"⚠ Курьер привёз чужой заказ, мой пакет у НЕГО ОТСУТСТВУЕТ. стоимость: [PRICE]",курьер привёз чужой заказ мой пакет у него отсутствует,"['курьер', 'привёз', 'чужой', 'заказ', 'пакет', 'отсутствует']","['курьер', 'привезти', 'чужой', 'заказ', 'пакет', 'отсутствовать']"
424,web,2026-08-25 18:45:00,"📌 Коробка приехала помятая, внутри товар повреждён. смотрите https://courier-now.ru/item/424; цена: 5 993 ₽",['https://courier-now.ru/item/424'],[],[],[],['5 993 ₽'],"Коробка приехала помятая, внутри товар повреждён. смотрите [URL]; цена: [PRICE]",коробка приехала помятая внутри товар повреждён,"['коробка', 'приехала', 'помятая', 'внутри', 'товар', 'повреждён']","['коробка', 'приехать', 'помятый', 'внутри', 'товар', 'повредить']"
425,chat,2026-09-06 07:32:00,"Коробка приехала помятая, внутри товар повреждён. ???",[],[],[],[],[],"Коробка приехала помятая, внутри товар повреждён. ?",коробка приехала помятая внутри товар повреждён,"['коробка', 'приехала', 'помятая', 'внутри', 'товар', 'повреждён']","['коробка', 'приехать', 'помятый', 'внутри', 'товар', 'повредить']"
426,web,2026-08-22 12:54:00,Сколько будет стоить доставка крупной посылки в другой город? с 27-01-27; стоимость: 199946 RUB,[],[],[],['27-01-27'],['199946 RUB'],Сколько будет стоить доставка крупной посылки в другой город? с [DATE]; стоимость: [PRICE],сколько будет стоить доставка крупной посылки в другой город с,"['сколько', 'стоить', 'доставка', 'крупной', 'посылки', 'город']","['сколько', 'стоить', 'доставка', 'крупный', 'посылка', 'город']"
427,social,2026-09-10 02:53:00,"Коробка приехала ПОМЯТАЯ, внутри товар повреждён. ПОЧТА: student2026@gmail.com   СМОТРИТЕ www.track-fast.ru/page/427   сумма: 858 руб.   ЗВОНИТЬ: +7 942 734 2784",['www.track-fast.ru/page/427'],['student2026@gmail.com'],['+7 942 734 2784'],[],['858 руб.'],"Коробка приехала ПОМЯТАЯ, внутри товар повреждён. ПОЧТА: [EMAIL] СМОТРИТЕ [URL] сумма: [PRICE] ЗВОНИТЬ: [PHONE]",коробка приехала помятая внутри товар повреждён,"['коробка', 'приехала', 'помятая', 'внутри', 'товар', 'повреждён']","['коробка', 'приехать', 'помятый', 'внутри', 'товар', 'повредить']"
428,mobile_app,2026-09-04 07:43:00,Нужно  изменить  адрес доставки по отправлению №27214. звонить: +7 (910) 287-94-93 / дата 02-07-26,[],[],['+7 (910) 287-94-93'],['02-07-26'],[],Нужно изменить адрес доставки по отправлению №27214. звонить: [PHONE] дата [DATE],нужно изменить адрес доставки по отправлению,"['нужно', 'изменить', 'адрес', 'доставки', 'отправлению']","['нужно', 'изменить', 'адрес', 'доставка', 'отправление']"
429,chat,2026-09-12 09:11:00,"Курьер привёз Чужой заказ, мой ПАКЕТ у него отсутствует. Списали: 896 ₽",[],[],[],[],['896 ₽'],"Курьер привёз Чужой заказ, мой ПАКЕТ у него отсутствует. Списали: [PRICE]",курьер привёз чужой заказ мой пакет у него отсутствует,"['курьер', 'привёз', 'чужой', 'заказ', 'пакет', 'отсутствует']","['курьер', 'привезти', 'чужой', 'заказ', 'пакет', 'отсутствовать']"
430,chat,2026-08-20 18:21:00,Не получается Найти отправление по трек номеру. ДАТА 2026-10-14 | стоимость: 124 503 ₽ | смотрите HTTPS://TRACK-FAST.RU/ITEM/430 ???,['HTTPS://TRACK-FAST.RU/ITEM/430'],[],[],['2026-10-14'],['124 503 ₽'],Не получается Найти отправление по трек номеру. ДАТА [DATE] стоимость: [PRICE] смотрите [URL] ?,не получается найти отправление по трек номеру,"['получается', 'найти', 'отправление', 'трек', 'номеру']","['получаться', 'найти', 'отправление', 'трек', 'номер']"
431,mobile_app,2026-09-04 17:14:00,"😡 Посылка зависла НА сортировке, Статус НЕ меняется пять дней. ВОТ СТРАНИЦА www.courier-now.ru/page/431 | сумма: 6 002 ₽ | нужно на 20.05.2026 ???",['www.courier-now.ru/page/431'],[],[],['20.05.2026'],['6 002 ₽'],"Посылка зависла НА сортировке, Статус НЕ меняется пять дней. ВОТ СТРАНИЦА [URL] сумма: [PRICE] нужно на [DATE] ?",посылка зависла на сортировке статус не меняется пять дней вот,"['посылка', 'зависла', 'сортировке', 'статус', 'меняется', 'пять', 'дней']","['посылка', 'зависнуть', 'сортировка', 'статус', 'меняться', 'пять', 'день']"
432,mobile_app,2026-09-07 18:58:00,🔥 Почему  доставка Стала платной??? при оформлении была БЕСПЛАТНАЯ. с 2026-07-11 / вот страница www.delivery-example.ru/page/432 / телефон: +7 (985) 806-11-97 / email: help.me@mail.ru,['www.delivery-example.ru/page/432'],['help.me@mail.ru'],['+7 (985) 806-11-97'],['2026-07-11'],[],Почему доставка Стала платной? при оформлении была БЕСПЛАТНАЯ. с [DATE] вот страница [URL] телефон: [PHONE] email: [EMAIL],почему доставка стала платной при оформлении была бесплатная с вот,"['почему', 'доставка', 'стала', 'платной', 'оформлении', 'бесплатная']","['почему', 'доставка', 'стать', 'платный', 'оформление', 'бесплатный']"
433,web,2026-09-12 20:14:00,🙂 Посылка вернулась отправителю хотя срок ХРАНЕНИЯ ещё не закончился. дата 2027-01-09   тел: +7 916 345 3260   email: ivan.petrov@logi-mail.ru,[],['ivan.petrov@logi-mail.ru'],['+7 916 345 3260'],['2027-01-09'],[],Посылка вернулась отправителю хотя срок ХРАНЕНИЯ ещё не закончился. дата [DATE] тел: [PHONE] email: [EMAIL],посылка вернулась отправителю хотя срок хранения ещё не закончился,"['посылка', 'вернулась', 'отправителю', 'хотя', 'срок', 'хранения', 'закончился']","['посылка', 'вернуться', 'отправитель', 'хотя', 'срок', 'хранение', 'закончиться']"
434,web,2026-08-25 12:17:00,Не получается найти отправление по ТРЕК номеру. email: student2026@gmail.com | с 15-01-27 | сумма: 13048р,[],['student2026@gmail.com'],[],['15-01-27'],[],Не получается найти отправление по ТРЕК номеру. email: [EMAIL] с [DATE] сумма: 13048р,не получается найти отправление по трек номеру с 13048р,"['получается', 'найти', 'отправление', 'трек', 'номеру', '13048р']","['получаться', 'найти', 'отправление', 'трек', 'номер', '13048р']"
435,web,2026-09-08 01:46:00,Посылка  вернулась  отправителю хотя Срок хранения ещё не закончился. цена: 199972р | email: Help.me@logi-mail.ru,[],['Help.me@logi-mail.ru'],[],[],[],Посылка вернулась отправителю хотя Срок хранения ещё не закончился. цена: 199972р email: [EMAIL],посылка вернулась отправителю хотя срок хранения ещё не закончился 199972р,"['посылка', 'вернулась', 'отправителю', 'хотя', 'срок', 'хранения', 'закончился', '199972р']","['посылка', 'вернуться', 'отправитель', 'хотя', 'срок', 'хранение', 'закончиться', '199972р']"
436,social,2026-08-21 20:54:00,Сколько  будет  стоить  доставка крупной посылки в другой ГОРОД??? ответьте на: help.me@yandex.ru / списали: 1 361 ₽ / URL= https://courier-now.ru/item/436 / мой номер: 8 915 968 68 67 ...,['https://courier-now.ru/item/436'],['help.me@yandex.ru'],['8 915 968 68 67'],[],['1 361 ₽'],Сколько будет стоить доставка крупной посылки в другой ГОРОД? ответьте на: [EMAIL] списали: [PRICE] URL= [URL] мой номер: [PHONE] .,сколько будет стоить доставка крупной посылки в другой город ответьте на,"['сколько', 'стоить', 'доставка', 'крупной', 'посылки', 'город', 'ответьте']","['сколько', 'стоить', 'доставка', 'крупный', 'посылка', 'город', 'ответить']"
437,mobile_app,2026-08-27 21:47:00,Нужно изменить адрес доставки По ОТПРАВЛЕНИЮ №33369. сумма: 1 345 руб. | тел: 89759765889 | вот страница https://track-fast.ru/item/437,['https://track-fast.ru/item/437'],[],['89759765889'],[],['1 345 руб.'],Нужно изменить адрес доставки По ОТПРАВЛЕНИЮ №33369. сумма: [PRICE] тел: [PHONE] вот страница [URL],нужно изменить адрес доставки по отправлению вот,"['нужно', 'изменить', 'адрес', 'доставки', 'отправлению']","['нужно', 'изменить', 'адрес', 'доставка', 'отправление']"
438,mobile_app,2026-08-24 16:08:00,Не  получается  найти  отправление  по трек номеру. стоимость: 1 369 РУБЛЕЙ / оформлено 04.11.2026 / тел: 89899004764,[],[],['89899004764'],['04.11.2026'],['1 369 РУБЛЕЙ'],Не получается найти отправление по трек номеру. стоимость: [PRICE] оформлено [DATE] тел: [PHONE],не получается найти отправление по трек номеру,"['получается', 'найти', 'отправление', 'трек', 'номеру']","['получаться', 'найти', 'отправление', 'трек', 'номер']"
439,chat,2026-08-24 04:13:00,"Курьер  привёз  чужой заказ, мой пакет у него отсутствует. цена: 531 рублей; вот страница www.courier-now.ru/page/439",['www.courier-now.ru/page/439'],[],[],[],['531 рублей'],"Курьер привёз чужой заказ, мой пакет у него отсутствует. цена: [PRICE]; вот страница [URL]",курьер привёз чужой заказ мой пакет у него отсутствует вот,"['курьер', 'привёз', 'чужой', 'заказ', 'пакет', 'отсутствует']","['курьер', 'привезти', 'чужой', 'заказ', 'пакет', 'отсутствовать']"
440,social,2026-09-10 10:29:00,Сколько  будет  Стоить  доставка крупной посылки в другой Город?? смотрите https://courier-now.ru/item/440; списали: 500 RUB; дата 31-05-26,['https://courier-now.ru/item/440'],[],[],['31-05-26'],['500 RUB'],Сколько будет Стоить доставка крупной посылки в другой Город? смотрите [URL]; списали: [PRICE]; дата [DATE],сколько будет стоить доставка крупной посылки в другой город,"['сколько', 'стоить', 'доставка', 'крупной', 'посылки', 'город']","['сколько', 'стоить', 'доставка', 'крупный', 'посылка', 'город']"
441,web,2026-09-14 21:02:00,Почему доставка стала ПЛАТНОЙ? при оформлении была бесплатная. дата 25-09-26 / e-mail: help.me@logi-mail.ru !!!,[],['help.me@logi-mail.ru'],[],['25-09-26'],[],Почему доставка стала ПЛАТНОЙ? при оформлении была бесплатная. дата [DATE] e-mail: [EMAIL] !,почему доставка стала платной при оформлении была бесплатная,"['почему', 'доставка', 'стала', 'платной', 'оформлении', 'бесплатная']","['почему', 'доставка', 'стать', 'платный', 'оформление', 'бесплатный']"
442,web,2026-09-08 08:03:00,Сколько будет стоить доставка крупной посылки в другой город???? ОТВЕТЬТЕ на: student2026@logi-mail.ru; цена: 1356 RUB; ССЫЛКА: https://www.track-fast.ru/support/442??from=mail,['https://www.track-fast.ru/support/442??from=mail'],['student2026@logi-mail.ru'],[],[],['1356 RUB'],Сколько будет стоить доставка крупной посылки в другой город? ОТВЕТЬТЕ на: [EMAIL]; цена: [PRICE]; ССЫЛКА: [URL],сколько будет стоить доставка крупной посылки в другой город ответьте на,"['сколько', 'стоить', 'доставка', 'крупной', 'посылки', 'город', 'ответьте']","['сколько', 'стоить', 'доставка', 'крупный', 'посылка', 'город', 'ответить']"
443,chat,2026-09-13 01:45:00,Не Получается найти отправление по трек номеру. e-mail: student2026@logi-mail.ru | нужно На 16-01-27,[],['student2026@logi-mail.ru'],[],['16-01-27'],[],Не Получается найти отправление по трек номеру. e-mail: [EMAIL] нужно На [DATE],не получается найти отправление по трек номеру,"['получается', 'найти', 'отправление', 'трек', 'номеру']","['получаться', 'найти', 'отправление', 'трек', 'номер']"
444,mobile_app,2026-08-20 03:07:00,Сколько будет Стоить доставка крупной посылки в другой город? телефон: +7 (921) 629-27-49 | цена: 1 361 рублей | дата 2027-01-31 | Смотрите http://delivery-example.ru/order?id=1444,['http://delivery-example.ru/order?id=1444'],[],['+7 (921) 629-27-49'],['2027-01-31'],['1 361 рублей'],Сколько будет Стоить доставка крупной посылки в другой город? телефон: [PHONE] цена: [PRICE] дата [DATE] Смотрите [URL],сколько будет стоить доставка крупной посылки в другой город,"['сколько', 'стоить', 'доставка', 'крупной', 'посылки', 'город']","['сколько', 'стоить', 'доставка', 'крупный', 'посылка', 'город']"
445,email,2026-09-09 22:42:00,НЕ получается найти отправление по трек номеру. ЗВОНИТЬ: 8 911 395 96 39 / сумма: 6035 RUB,[],[],['8 911 395 96 39'],[],['6035 RUB'],НЕ получается найти отправление по трек номеру. ЗВОНИТЬ: [PHONE] сумма: [PRICE],не получается найти отправление по трек номеру,"['получается', 'найти', 'отправление', 'трек', 'номеру']","['получаться', 'найти', 'отправление', 'трек', 'номер']"
446,mobile_app,2026-09-05 22:14:00,Не получается найти Отправление по трек номеру. тел: 89817783141; Ссылка: www.track-fast.ru/page/446; стоимость: 124 529 ₽,['www.track-fast.ru/page/446'],[],['89817783141'],[],['124 529 ₽'],Не получается найти Отправление по трек номеру. тел: [PHONE]; Ссылка: [URL]; стоимость: [PRICE],не получается найти отправление по трек номеру,"['получается', 'найти', 'отправление', 'трек', 'номеру']","['получаться', 'найти', 'отправление', 'трек', 'номер']"
447,chat,2026-09-11 22:04:00,Не  получается  найти  отправление  по трек номеру. списали: 46050р; email: TEST.USER@logi-mail.ru; вот страница HTTPS://WWW.DELIVERY-EXAMPLE.RU/SUPPORT/447?FROM=MAIL,['HTTPS://WWW.DELIVERY-EXAMPLE.RU/SUPPORT/447?FROM=MAIL'],['TEST.USER@logi-mail.ru'],[],[],[],Не получается найти отправление по трек номеру. списали: 46050р; email: [EMAIL]; вот страница [URL],не получается найти отправление по трек номеру 46050р вот,"['получается', 'найти', 'отправление', 'трек', 'номеру', '46050р']","['получаться', 'найти', 'отправление', 'трек', 'номер', '46050р']"
448,mobile_app,2026-08-23 10:00:00,Нужно  изменить  адрес  доставки  по отправлению №19961. e-mail: M.SMIRNOVA@GMAIL.COM   сумма: 2 565 рублей   СМОТРИТЕ www.track-fast.ru/page/448   с 20-10-26 ***,['www.track-fast.ru/page/448'],['M.SMIRNOVA@GMAIL.COM'],[],['20-10-26'],['2 565 рублей'],Нужно изменить адрес доставки по отправлению №19961. e-mail: [EMAIL] сумма: [PRICE] СМОТРИТЕ [URL] с [DATE],нужно изменить адрес доставки по отправлению с,"['нужно', 'изменить', 'адрес', 'доставки', 'отправлению']","['нужно', 'изменить', 'адрес', 'доставка', 'отправление']"
449,email,2026-09-01 11:56:00,"КОРОБКА Приехала помятая, внутри товар ПОВРЕЖДЁН. смотрите http://track-fast.ru/order????id=1449; телефон: +7 935 467 1956",['http://track-fast.ru/order????id=1449'],[],['+7 935 467 1956'],[],[],"КОРОБКА Приехала помятая, внутри товар ПОВРЕЖДЁН. смотрите [URL]; телефон: [PHONE]",коробка приехала помятая внутри товар повреждён,"['коробка', 'приехала', 'помятая', 'внутри', 'товар', 'повреждён']","['коробка', 'приехать', 'помятый', 'внутри', 'товар', 'повредить']"
450,mobile_app,2026-09-02 17:04:00,ПОЧЕМУ доставка стала платной? при Оформлении была бесплатная. списали: 124 535 руб. / e-mail: m.smirnova@yandex.ru / мой номер: 8 977 317 95 83 ###,[],['m.smirnova@yandex.ru'],['8 977 317 95 83'],[],['124 535 руб.'],ПОЧЕМУ доставка стала платной? при Оформлении была бесплатная. списали: [PRICE] e-mail: [EMAIL] мой номер: [PHONE],почему доставка стала платной при оформлении была бесплатная,"['почему', 'доставка', 'стала', 'платной', 'оформлении', 'бесплатная']","['почему', 'доставка', 'стать', 'платный', 'оформление', 'бесплатный']"
